Abstract,Conclusions,Copyrights,DOI,Journal,Methods,Publication_date,PubmedID,Results,Title,Keywords,Authors,Affiliations
"Drug-reimbursement policies may have an adverse effect on patient outcomes if they interfere with timely access to efficacious medications for acute medical conditions. Clopidogrel in combination with aspirin is the recommended standard of care for patients receiving coronary stents to prevent thrombosis. We examined the population-level effect of a change by a Canadian provincial government in a pharmacy-benefits program from a prior-authorization policy to a less restrictive, limited-use policy on access to clopidogrel among patients undergoing percutaneous coronary intervention (PCI) with stenting after acute myocardial infarction.
We conducted a population-based, retrospective, time-series analysis from April 1, 2000, to March 31, 2005, of all patients 65 years of age or older with acute myocardial infarction who underwent PCI with stenting in Ontario, Canada. The primary outcome was the composite rate of death, recurrent acute myocardial infarction, PCI, and coronary-artery bypass grafting at 1 year, with adjustment for sex and age. The secondary outcome was major bleeding.
The rate of clopidogrel use within 30 days after hospital discharge following myocardial infarction increased from 35% in the prior-authorization period to 88% in the limited-use period. The median time to the first dispensing of a clopidogrel prescription decreased from 9 days in the first period to 0 days in the second period. The 1-year composite cardiovascular outcome significantly decreased from 15% in the prior-authorization group to 11% in the limited-use group (P=0.02). Rates of bleeding in the two groups did not change.
The removal of a prior-authorization program led to improvement in timely access to clopidogrel for coronary stenting and improved cardiovascular outcomes.",,2008 Massachusetts Medical Society,10.1056/NEJMsa0803410,The New England journal of medicine,,2008-10-24,18946065,The rate of clopidogrel use within 30 days after hospital discharge following myocardial infarction increased from 35% in the prior-authorization period to 88% in the limited-use period. The median time to the first dispensing of a clopidogrel prescription decreased from 9 days in the first period to 0 days in the second period. The 1-year composite cardiovascular outcome significantly decreased from 15% in the prior-authorization group to 11% in the limited-use group (P=0.02). Rates of bleeding in the two groups did not change.,Cardiovascular outcomes after a change in prescription policy for clopidogrel.,,"Jackevicius, Cynthia A, CA; Tu, Jack V, JV; Demers, Virginie, V; Melo, Magda, M; Cox, Jafna, J; Rinfret, Stephane, S; Kalavrouziotis, Dimitri, D; Johansen, Helen, H; Behlouli, Hassan, H; Newman, Alice, A; Pilote, Louise, L","Western University of Health Sciences, College of Pharmacy, 309 E. Second St., Pomona, CA 91766, USA. cjackevicius@westernu.edu; None; None; None; None; None; None; None; None; None; None"
"Interest in the role of fibrates intensified after the publication of the negative results from the Action to Control Cardiovascular Risk in Diabetes (ACCORD) trial, which assessed therapy with fenofibrate plus statins. The evidence for clinical benefit in outcomes with the use of fibrates is heavily weighted on the use of the older fibrates such as gemfibrozil and clofibrate.
To examine trends in the current use of fibrates and to examine the relationship between differences in the availability and use of brand-name vs generic formulations of fenofibrate and the economic implications in the United States compared with Canada.
Population-level, observational cohort study using IMS Health data from the United States and Canada of patients prescribed fibrates between January 2002 and December 2009.
Fibrate prescriptions dispensed and expenditures.
In the United States, fibrate prescriptions dispensed increased from 336 prescriptions/100,000 population in January 2002 to 730 prescriptions/100,000 population in December 2009, an increase of 117.1% (95% confidence interval [CI], 116.0%-117.9%), whereas in Canada, fibrate prescriptions increased from 402 prescriptions/100,000 population in January 2002 to 474 prescriptions/100,000 population in December 2009, an increase of 18.1% (95% CI, 17.9%-18.3%) (P <.001). In the United States, fenofibrate prescriptions dispensed increased from 150 prescriptions/100,000 population in January 2002 to 440 prescriptions/100,000 population in December 2009, an increase of 159.3% (95% CI, 157.7%-161.0%), comprising 47.9% of total fibrate prescriptions in 2002 and 65.2% in 2009. In Canada, fenofibrate prescriptions increased from 321 prescriptions/100,000 population in January 2002 to 429 prescriptions/100,000 population in December 2009. The annual ratio of generic to brand-name fenofibrate use in the United States ranged from 0:1 to 0.09:1 between 2002 and 2008, while the ratio in Canada steadily increased from 0.51:1 to 1.89:1 between 2005 and 2008. In the United States, crude fenofibrate expenditures increased from $11,535/100,000 population/month in 2002 to $44,975/100,000 population/month in 2009, while the rates in Canada declined from $17,695/100,000 population/month in 2002 to $16,112/100,000 population/month in 2009. Fibrate expenditures per 100,000 population were 3-fold higher in 2009 in the United States compared with Canada.
During the past decade, prescriptions for fibrates (particularly fenofibrate) increased in the United States, while prescriptions for fibrates in Canada remained stable.","During the past decade, prescriptions for fibrates (particularly fenofibrate) increased in the United States, while prescriptions for fibrates in Canada remained stable.",,10.1001/jama.2011.353,JAMA,,2011-03-24,"21427374
20462635
10976543
20228404
18180499
19581604
10438259
16310551
19698935
11847951
11368702
3313041
15619408
20032315
12968816
15249516
20385999
15464682
15572716
18375999
11844864","In the United States, fibrate prescriptions dispensed increased from 336 prescriptions/100,000 population in January 2002 to 730 prescriptions/100,000 population in December 2009, an increase of 117.1% (95% confidence interval [CI], 116.0%-117.9%), whereas in Canada, fibrate prescriptions increased from 402 prescriptions/100,000 population in January 2002 to 474 prescriptions/100,000 population in December 2009, an increase of 18.1% (95% CI, 17.9%-18.3%) (P <.001). In the United States, fenofibrate prescriptions dispensed increased from 150 prescriptions/100,000 population in January 2002 to 440 prescriptions/100,000 population in December 2009, an increase of 159.3% (95% CI, 157.7%-161.0%), comprising 47.9% of total fibrate prescriptions in 2002 and 65.2% in 2009. In Canada, fenofibrate prescriptions increased from 321 prescriptions/100,000 population in January 2002 to 429 prescriptions/100,000 population in December 2009. The annual ratio of generic to brand-name fenofibrate use in the United States ranged from 0:1 to 0.09:1 between 2002 and 2008, while the ratio in Canada steadily increased from 0.51:1 to 1.89:1 between 2005 and 2008. In the United States, crude fenofibrate expenditures increased from $11,535/100,000 population/month in 2002 to $44,975/100,000 population/month in 2009, while the rates in Canada declined from $17,695/100,000 population/month in 2002 to $16,112/100,000 population/month in 2009. Fibrate expenditures per 100,000 population were 3-fold higher in 2009 in the United States compared with Canada.",Use of fibrates in the United States and Canada.,,"Jackevicius, Cynthia A, CA; Tu, Jack V, JV; Ross, Joseph S, JS; Ko, Dennis T, DT; Carreon, Daniel, D; Krumholz, Harlan M, HM","Department of Pharmacy Practice and Administration, Western University of Health Sciences, College of Pharmacy, 309 E Second St, Pomona, CA 91766, USA. cjackevicius@westernu.edu; None; None; None; None; None"
"Proopiomelanocortin (POMC) neurons within the hypothalamic arcuate nucleus are vital anorexigenic neurons. Although both the leptin and insulin receptors are coupled to the activation of phosphatidylinositide 3 kinase (PI3K) in POMC neurons, they are thought to have disparate actions on POMC excitability. Using whole-cell recording and selective pharmacological tools, we have found that, similar to leptin, purified insulin depolarized POMC and adjacent kisspeptin neurons via activation of TRPC5 channels, which are highly expressed in these neurons. In contrast, insulin hyperpolarized and inhibited NPY/AgRP neurons via activation of KATP channels. Moreover, Zn(2+), which is found in insulin formulations at nanomolar concentrations, inhibited POMC neurons via activation of KATP channels. Finally, as predicted, insulin given intracerebroventrically robustly inhibited food intake and activated c-fos expression in arcuate POMC neurons. Our results show that purified insulin excites POMC neurons in the arcuate nucleus, which we propose is a major mechanism by which insulin regulates energy homeostasis.",,Copyright © 2014 Elsevier Inc. All rights reserved.,10.1016/j.cmet.2014.03.004,Cell metabolism,,2014-04-08,"24703699
11113504
12639916
9726983
10766253
21070248
21364278
11373681
17506645
14573532
24011077
10069329
18285524
20164331
9468499
17690165
21284985
9430633
16382100
19883613
23744639
20510254
22173890
22668831
23055973
15218066
21209617
21241723
15258588
17550779
2019270
8006224
20374961
15761497
12388611
11301024
10774735
18382766
21668337
15097991
15856063
20107083
21285322
23305677
21849543
17671657
10482243
14654832
16794735
16823473
16988703
15234587
16979194",,Insulin excites anorexigenic proopiomelanocortin neurons via activation of canonical transient receptor potential channels.,,"Qiu, Jian, J; Zhang, Chunguang, C; Borgquist, Amanda, A; Nestor, Casey C, CC; Smith, Arik W, AW; Bosch, Martha A, MA; Ku, Stephen, S; Wagner, Edward J, EJ; Rønnekleiv, Oline K, OK; Kelly, Martin J, MJ","Department of Physiology and Pharmacology, Oregon Health & Science University, Portland, OR 97239, USA.; Department of Physiology and Pharmacology, Oregon Health & Science University, Portland, OR 97239, USA.; Department of Basic Medical Sciences, College of Osteopathic Medicine of the Pacific, Western University of Health Sciences, Pomona, CA 91766, USA.; Department of Physiology and Pharmacology, Oregon Health & Science University, Portland, OR 97239, USA.; Department of Physiology and Pharmacology, Oregon Health & Science University, Portland, OR 97239, USA.; Department of Physiology and Pharmacology, Oregon Health & Science University, Portland, OR 97239, USA.; Department of Basic Medical Sciences, College of Osteopathic Medicine of the Pacific, Western University of Health Sciences, Pomona, CA 91766, USA.; Department of Basic Medical Sciences, College of Osteopathic Medicine of the Pacific, Western University of Health Sciences, Pomona, CA 91766, USA.; Department of Physiology and Pharmacology, Oregon Health & Science University, Portland, OR 97239, USA; Division of Neuroscience, Oregon National Primate Research Center, Oregon Health & Science University, Beaverton, OR 97006, USA.; Department of Physiology and Pharmacology, Oregon Health & Science University, Portland, OR 97239, USA; Division of Neuroscience, Oregon National Primate Research Center, Oregon Health & Science University, Beaverton, OR 97006, USA. Electronic address: kellym@ohsu.edu."
"The x(c)(-) cystine/glutamate antiporter has been implicated in GSH-based chemoresistance because it mediates cellular uptake of cystine/cysteine for sustenance of intracellular GSH levels. Celastrol, isolated from a Chinese medicinal herb, is a novel heat shock protein 90 (Hsp90) inhibitor with potent anticancer activity against glioma in vitro and in vivo. In search of correlations between growth-inhibitory potency of celastrol in NCI-60 cell lines and microarray expression profiles of most known transporters, we found that expression of SLC7A11, the gene encoding the light chain subunit of x(c)(-), showed a strong negative correlation with celastrol activity. This novel gene-drug correlation was validated. In celastrol-resistant glioma cells that highly expressed SLC7A11, sensitivity to celastrol was consistently increased via treatment with x(c)(-) inhibitors, including glutamate, (S)-4-carboxyphenylglycine, sulfasalazine, and SLC7A11 small interfering RNA. The GSH synthesis inhibitor, buthionine sulfoximine, also increased celastrol sensitivity, whereas the GSH booster, N-acetylcysteine, suppressed its cytotoxicity. Furthermore, the glioma cell lines were dependent on x(c)(-)-mediated cystine uptake for viability, because cystine omission from the culture medium resulted in cell death and treatment with sulfasalazine depleted GSH levels and inhibited their growth. Combined treatment of glioma cells with sulfasalazine and celastrol led to chemosensitization, as suggested by increased celastrol-induced cell cycle arrest, apoptosis, and down-regulation of the Hsp90 client protein, epidermal growth factor receptor. These results indicate that the x(c)(-) transporter provides a useful target for glioma therapy. x(c)(-) inhibitors such as sulfasalazine, a Food and Drug Administration-approved drug, may be effective both as an anticancer drug and as an agent for sensitizing gliomas to celastrol.",,,10.1124/jpet.109.162248,The Journal of pharmacology and experimental therapeutics,,2009-12-17,20007406,,Pharmacogenomic approach reveals a role for the x(c)- cystine/glutamate antiporter in growth and celastrol resistance of glioma cell lines.,,"Pham, Anh-Nhan, AN; Blower, Paul E, PE; Alvarado, Omar, O; Ravula, Ranadheer, R; Gout, Peter W, PW; Huang, Ying, Y","Department of Pharmaceutical Sciences, College of Pharmacy, Western University of Health Sciences, Pomona, CA 91766, USA.; None; None; None; None; None"
"Inflammatory pain is linked to reduction in tissue pH. Tissue proton generation is mainly mediated by carbonic anhydrases (CAs). We therefore hypothesized that inhibition of CAs with acetazolamide (ACTZ) increases the tissue pH and reverses inflammation-induced pain. CAs are also present in the central nervous system and control anion concentrations. Furthermore, ACTZ has direct effects on ion channels involved in nociception. In the current study, responses to heat and mechanical stimuli (von Frey filaments) of the paw were assessed before and after carrageenan-induced muscle inflammation and after treatment with ACTZ in rats. ACTZ was administered systemically, locally, or intrathecally 24 h after the induction of inflammation. In separate studies, pH was measured in the inflamed and noninflamed muscles and after administration of ACTZ. Carrageenan injection to the gastrocnemius muscle produced heat hyperalgesia and mechanical allodynia of the paw. Systemic ACTZ reversed the heat hyperalgesia but not mechanical allodynia. Similarly, injections of ACTZ into the inflamed muscle or intrathecally reversed the heat hyperalgesia but not mechanical allodynia. Surprisingly, the pH in the inflamed muscle was not reduced compared with noninflamed muscle. Thus, the current data do not support our hypothesis that ACTZ reduces inflammatory hyperalgesia by raising the reduced pH in muscle. Although the possibility of pH changes and the role of CAs in the microenvironment cannot be ruled out, the mechanism of ACTZ-induced antihyperalgesia is not clear from this study. It is possible that the inhibition of ion channels and/or the inhibition of spinally located CAs contribute to the observed antihyperalgesia.",,,10.1124/jpet.104.082776,The Journal of pharmacology and experimental therapeutics,,2005-03-04,15743922,,"Acetazolamide, a carbonic anhydrase inhibitor, reverses inflammation-induced thermal hyperalgesia in rats.",,"Radhakrishnan, Rajan, R; Sluka, Kathleen A, KA","Department of Pharmaceutical Sciences, College of Pharmacy, Western University of Health Sciences, Pomona, California, USA.; None"
"Drug discovery and development has become longer and costlier process. The fear of failure and stringent regulatory review process is driving pharmaceutical companies towards ""me too"" drugs and improved generics (505(b) (2)) fillings. The discontinuance of molecules at late stage clinical trials is common these years. The molecules are withdrawn at various stages of discovery and development process for reasons such as poor ADME properties, lack of efficacy and safety reasons. Hence this review focuses on possible applications of formulation and drug delivery to salvage molecules and improve the drugability. The formulation and drug delivery technologies are suitable for addressing various issues contributing to attrition are discussed in detail. ",,,10.1016/j.apsb.2013.12.003,Acta pharmaceutica Sinica. B,,2014-02-01,"26579359
11790589
10589748
6363674
15500907
21167922
15708743
18024021
17896100
17619064
8943078
19819278
16172456
7930531
17094139
22306489
16029020
22994538
8165192
8766694
24981612
5410613
20069580
12698501
11371996
21770378
17616376
12092746
11576693
7617530
8786552
9667945
15239979
20797419
14576099
16027517
1804561
20049941
7505268
12606142
11479558
16489364
17476588
21325189
11014404
15333514
12429868
7919794
22041602
9443633
15286737
11790621
15234791
16489365
7703928
21953499
9244146
3358900
7295639
8410567
8810839
10781759
12837492
2243356
11038041
3196714
18282672
8595168
10510847
9629468
16028018
21039545
15576187
17436826
16517003
19651165
7663977
10754542
9270488
17640835
16567811
11389998
18848640
16961459
18217702
16687221
21594928
17101515
18997767
11033430
7945233
11718935
19616608
12195818
23285276
11579440
12593942
11280440
14716751
21426133
21421040
16489089
9846074
8558510
1681064
20144297
11896118
2687836",,"Can formulation and drug delivery reduce attrition during drug discovery and development-review of feasibility, benefits and challenges.",Drug delivery technology; Drug discovery and development; Drugability; Formulation,"Basavaraj, S, S; Betageri, Guru V, GV","Western Centre for Drug Development, Western University of Health Sciences, Pomona, CA 91766, USA.; Western Centre for Drug Development, Western University of Health Sciences, Pomona, CA 91766, USA."
"Obesity is an increasingly prevalent disease regulated by genetic and environmental factors. Emerging studies indicate that immune cells, including monocytes, granulocytes and lymphocytes, regulate metabolic homeostasis and are dysregulated in obesity. Group 2 innate lymphoid cells (ILC2s) can regulate adaptive immunity and eosinophil and alternatively activated macrophage responses, and were recently identified in murine white adipose tissue (WAT) where they may act to limit the development of obesity. However, ILC2s have not been identified in human adipose tissue, and the mechanisms by which ILC2s regulate metabolic homeostasis remain unknown. Here we identify ILC2s in human WAT and demonstrate that decreased ILC2 responses in WAT are a conserved characteristic of obesity in humans and mice. Interleukin (IL)-33 was found to be critical for the maintenance of ILC2s in WAT and in limiting adiposity in mice by increasing caloric expenditure. This was associated with recruitment of uncoupling protein 1 (UCP1)(+) beige adipocytes in WAT, a process known as beiging or browning that regulates caloric expenditure. IL-33-induced beiging was dependent on ILC2s, and IL-33 treatment or transfer of IL-33-elicited ILC2s was sufficient to drive beiging independently of the adaptive immune system, eosinophils or IL-4 receptor signalling. We found that ILC2s produce methionine-enkephalin peptides that can act directly on adipocytes to upregulate Ucp1 expression in vitro and that promote beiging in vivo. Collectively, these studies indicate that, in addition to responding to infection or tissue damage, ILC2s can regulate adipose function and metabolic homeostasis in part via production of enkephalin peptides that elicit beiging. ",,,10.1038/nature14115,Nature,,2014-12-24,"25533952
21946417
23420878
22796012
23166672
24613091
24906148
23064293
22395709
19401428
24969109
21909091
23601684
23775089
24100998
24166975
24290753
24439368
24439384
3899825
16644867
18268038
19187776
19506576
19633656
19931226
20023630
20200518
20534524
20634488
21142536
21123942
21436399
21633179",,Group 2 innate lymphoid cells promote beiging of white adipose tissue and limit obesity.,,"Brestoff, Jonathan R, JR; Kim, Brian S, BS; Saenz, Steven A, SA; Stine, Rachel R, RR; Monticelli, Laurel A, LA; Sonnenberg, Gregory F, GF; Thome, Joseph J, JJ; Farber, Donna L, DL; Lutfy, Kabirullah, K; Seale, Patrick, P; Artis, David, D","1] Jill Roberts Institute for Research in IBD, Joan and Sanford I. Weill Department of Medicine, Department of Microbiology and Immunology, Weill Cornell Medical College, Cornell University, New York, New York 10021, USA [2] Department of Microbiology and Institute for Immunology, Perelman School of Medicine, University of Pennsylvania, Philadelphia, Pennsylvania 19104, USA.; Department of Microbiology and Institute for Immunology, Perelman School of Medicine, University of Pennsylvania, Philadelphia, Pennsylvania 19104, USA.; Department of Microbiology and Institute for Immunology, Perelman School of Medicine, University of Pennsylvania, Philadelphia, Pennsylvania 19104, USA.; Institute for Diabetes, Obesity and Metabolism, Department of Cell and Developmental Biology, Perelman School of Medicine, University of Pennsylvania, Philadelphia, Pennsylvania 19104, USA.; 1] Jill Roberts Institute for Research in IBD, Joan and Sanford I. Weill Department of Medicine, Department of Microbiology and Immunology, Weill Cornell Medical College, Cornell University, New York, New York 10021, USA [2] Department of Microbiology and Institute for Immunology, Perelman School of Medicine, University of Pennsylvania, Philadelphia, Pennsylvania 19104, USA.; Jill Roberts Institute for Research in IBD, Joan and Sanford I. Weill Department of Medicine, Department of Microbiology and Immunology, Weill Cornell Medical College, Cornell University, New York, New York 10021, USA.; 1] Columbia Center for Translational Immunology, Columbia University Medical Center, New York, New York 10032, USA [2] Department of Microbiology and Immunology, Columbia University Medical Center, New York, New York 10032, USA.; 1] Columbia Center for Translational Immunology, Columbia University Medical Center, New York, New York 10032, USA [2] Department of Microbiology and Immunology, Columbia University Medical Center, New York, New York 10032, USA [3] Department of Surgery, Columbia University Medical Center, New York, New York 10032, USA.; Department of Pharmaceutical Sciences, College of Pharmacy, Western University of Health Sciences, Pomona, California 91766, USA.; Institute for Diabetes, Obesity and Metabolism, Department of Cell and Developmental Biology, Perelman School of Medicine, University of Pennsylvania, Philadelphia, Pennsylvania 19104, USA.; 1] Jill Roberts Institute for Research in IBD, Joan and Sanford I. Weill Department of Medicine, Department of Microbiology and Immunology, Weill Cornell Medical College, Cornell University, New York, New York 10021, USA [2] Department of Microbiology and Institute for Immunology, Perelman School of Medicine, University of Pennsylvania, Philadelphia, Pennsylvania 19104, USA."
"Neurite outgrowth represents a critical stage in the correct development of neuronal circuitries, and is dependent on the complex regulation of actin filament and microtubule dynamics by intrinsic as well as extrinsic signals. Previous studies have implicated the tumor suppressor factor, p53, in the regulation of axonal outgrowth through a nontranscriptional effect involving local regulation of the Rho kinase signaling pathway that controls these dynamics. In the present study, we first showed that semaphorin 3A-induced growth cone collapse in cultured hippocampal neurons was associated with the partial truncation of phosphorylated p53, and that both effects were prevented by calpain inhibition with either m-calpain-specific siRNA or inhibitors. We further determined that semaphorin 3A-mediated calpain activation and growth cone collapse were associated with m-calpain phosphorylation and prevented by inhibition of MAPK, ERK, or p38. In vitro studies confirmed that p53 and especially phosphorylated p53 were partially truncated by calpain. Thus, our results indicate that semaphorin 3A-mediated growth cone collapse is mediated in part by m-calpain activation, possibly through MAPK-mediated phosphorylation, and the resulting truncation of phosphorylated p53, leading to Rho kinase activation and cytoskeletal reorganization. They provide a pathway by which extrinsic signals regulate axonal growth through activation of m-calpain and p53 truncation.",,,10.1073/pnas.1008652107,Proceedings of the National Academy of Sciences of the United States of America,,2010-07-21,"20643936
12356865
18407419
12379276
20386595
14993287
11909964
20089917
18209731
18268107
16899819
12366376
9427246
14659092
19373241
19995977
19386914
18544498
12843408
19596849
16729028
18606148
17458879
12765611
8972227
19096364
11950589
1372932
18464795
16946709
16817227
9111352
17967945",,Role of calpain-mediated p53 truncation in semaphorin 3A-induced axonal growth regulation.,,"Qin, Qingyu, Q; Liao, Guanghong, G; Baudry, Michel, M; Bi, Xiaoning, X","Department of Basic Medical Sciences, College of Osteopathic Medicine of the Pacific, Western University of Health Sciences, Pomona, CA 91766, USA.; None; None; None"
"The fossil record for neoceratopsian (horned) dinosaurs in the Lower Cretaceous of North America primarily comprises isolated teeth and postcrania of limited taxonomic resolution, hampering previous efforts to reconstruct the early evolution of this group in North America. An associated cranium and lower jaw from the Cloverly Formation (?middle-late Albian, between 104 and 109 million years old) of southern Montana is designated as the holotype for Aquilops americanus gen. et sp. nov. Aquilops americanus is distinguished by several autapomorphies, including a strongly hooked rostral bone with a midline boss and an elongate and sharply pointed antorbital fossa. The skull in the only known specimen is comparatively small, measuring 84 mm between the tips of the rostral and jugal. The taxon is interpreted as a basal neoceratopsian closely related to Early Cretaceous Asian taxa, such as Liaoceratops and Auroraceratops. Biogeographically, A. americanus probably originated via a dispersal from Asia into North America; the exact route of this dispersal is ambiguous, although a Beringian rather than European route seems more likely in light of the absence of ceratopsians in the Early Cretaceous of Europe. Other amniote clades show similar biogeographic patterns, supporting an intercontinental migratory event between Asia and North America during the late Early Cretaceous. The temporal and geographic distribution of Upper Cretaceous neoceratopsians (leptoceratopsids and ceratopsoids) suggests at least intermittent connections between North America and Asia through the early Late Cretaceous, likely followed by an interval of isolation and finally reconnection during the latest Cretaceous.",,,10.1371/journal.pone.0112055,PloS one,,2014-12-11,"25494182
16396171
11907575
20505726
21124919
21079798
24223179
9326579
16407951
18253896
23663507
21085924
20007898
17818978
16901832
19277598
16311326
15875020
21455178
21738646
24264527",,"A Ceratopsian Dinosaur from the Lower Cretaceous of Western North America, and the Biogeography of Neoceratopsia.",,"Farke, Andrew A, AA; Maxwell, W Desmond, WD; Cifelli, Richard L, RL; Wedel, Mathew J, MJ","Raymond M. Alf Museum of Paleontology, Claremont, California, United States of America; Sam Noble Oklahoma Museum of Natural History, Norman, Oklahoma, United States of America.; Department of Biological Sciences, University of the Pacific, Stockton, California, United States of America; Sam Noble Oklahoma Museum of Natural History, Norman, Oklahoma, United States of America.; Sam Noble Oklahoma Museum of Natural History, Norman, Oklahoma, United States of America.; College of Podiatric Medicine, Western University of Health Sciences, Pomona, California, United States of America; Sam Noble Oklahoma Museum of Natural History, Norman, Oklahoma, United States of America."
"Adoptive children are at increased risk for problematic behaviors but the origin of these individual differences in neurobehavioral function is unclear. This investigation examined whether adopted children with prenatal exposure to a wide variety of recreational drugs exhibited higher scores (i.e. more problems) with executive function and psychiatric symptomology. Caregivers of children ages 5 to 18 completed an online survey with items about use of alcohol, nicotine, or methamphetamine during pregnancy followed by the Behavior Rating Inventory of Executive Function (BRIEF, N = 437 including 59 adoptive parents) or the Child Behavior Checklist (CBCL, N = 549 including 54 adoptive parents). Relative to a comparison group of children raised by their biological parents, adoptive children that were polysubstance exposed during prenatal development exhibited higher rates of academic difficulties and were behind their classmates in math and reading. Adoptive children had statistically and clinically significant higher BRIEF ratings and this pattern was similar for boys and girls. CBCL ratings were significantly increased in adoptive children, particularly for Externalizing and Attention problems. Adoptive children with a history of polysubstance exposures including alcohol, nicotine, and methamphetamine are at heightened risk for difficulties with executive function as well as various psychopathologies. These findings suggest that increased monitoring to identify and implement remediation strategies may be warranted for adopted children with a history of in utero drug exposures. ",,,10.1371/journal.pone.0110459,PloS one,,2014-10-23,"25337917
10922023
24016275
11437064
15629980
15914751
17550944
17499944
18037268
18929686
19576287
19593639
16154468
17272604
19922516
20385628
20528867
21334365
20955189
21330286
21937170
22039071
22430455
22712700
23275056
22955559
23666568
23666580
23640285
24019412
23423839
11419452",,Executive function and mental health in adopted children with a history of recreational drug exposures.,,"Piper, Brian J, BJ; Gray, Hilary M, HM; Corbett, Selena M, SM; Birkett, Melissa A, MA; Raber, Jacob, J","Department of Basic Pharmaceutical Sciences, Husson University, Bangor, Maine, United States of America; Department of Behavioral Neuroscience, Oregon Health and Science University, Portland, Oregon, United States of America.; Department of Behavioral Neuroscience, Oregon Health and Science University, Portland, Oregon, United States of America; School of Community Health and Department of Counselor Education, Portland State University, Portland, Oregon, United States of America.; Department of Behavioral Neuroscience, Oregon Health and Science University, Portland, Oregon, United States of America; College of Osteopathic Medicine of the Pacific Northwest, Western University of Health Sciences, Pomona, California, United States of America.; Department of Psychological Sciences, Northern Arizona University, Flagstaff, Arizona, United States of America.; Department of Behavioral Neuroscience, Oregon Health and Science University, Portland, Oregon, United States of America; Department of Neurology and Radiation Medicine, and Division of Neuroscience, ONPRC, Oregon Health and Science University, Portland, Oregon, United States of America."
"Increased orosensory stimulation from palatable diets and decreased feedback from gut signals have been proposed as contributing factors to obesity development. Whether altered taste functions associated with obesity are common traits or acquired deficits to environmental factors, such as a high-energy (HE)-diet, however, is not clear. To address this, we examined preference and sensitivity of increasing concentrations of sucrose solutions in rats prone (OP) and resistant (OR) to obesity during chow and HE feeding and measured lingual gene expression of the sweet taste receptor T1R3. When chow-fed, OP rats exhibited reduced preference and acceptance of dilute sucrose solutions, sham-fed less sucrose compared to OR rats, and had reduced lingual T1R3 gene expression. HE-feeding abrogated differences in sucrose preference and intake and lingual T1R3 expression between phenotypes. Despite similar sucrose intakes however, OP rats consumed significantly more total calories during 48-h two-bottle testing compared to OR rats. The results demonstrate that OP rats have an innate deficit for sweet taste detection, as illustrated by a reduction in sensitivity to sweets and reduced T1R3 gene expression; however their hyperphagia and subsequent obesity during HE-feeding is most likely not due to altered consumption of sweets. ",,,10.1371/journal.pone.0111232,PloS one,,2014-10-21,"25329959
17724332
22442194
16647093
19409204
10386906
24100196
19686115
21849633
21912387
19091911
14636554
665551
20654704
23891652
20156422
18249177
22409929
17911381
18477764
1763916
20861277
15621059
16815797
22546775
20805826
22521912
19887078
20206200
10995460
21781379
1896488
23423571
22664300
22995095
19571216
9277561
17724330
12869700
15358606
20702804
21844876
21600942
14592964
17618960
15845881
20943793
21983046",,Effect of diet on preference and intake of sucrose in obese prone and resistant rats.,,"Duca, Frank A, FA; Swartz, Timothy D, TD; Covasa, Mihai, M","UMR 1319 MICALIS, Institut National de la Recherche Agronomique, Centre de Recherche de Jouy-, Jouy-en-Josas, France; AgroParisTech, Jouy-en-Josas, France.; UMR 1319 MICALIS, Institut National de la Recherche Agronomique, Centre de Recherche de Jouy-, Jouy-en-Josas, France; AgroParisTech, Jouy-en-Josas, France.; UMR 1319 MICALIS, Institut National de la Recherche Agronomique, Centre de Recherche de Jouy-, Jouy-en-Josas, France; AgroParisTech, Jouy-en-Josas, France; Department of Basic Medical Sciences, College of Osteopathic Medicine, Western University of Health Sciences, Pomona, California, United States of America; Department of Human Health and Development, University of Suceava, Suceava, Romania."
"Stimulation of 5-HT3 receptors (5-HT3Rs) by 2-methylserotonin (2-Me-5-HT), a selective 5-HT3 receptor agonist, can induce vomiting. However, downstream signaling pathways for the induced emesis remain unknown. The 5-HT3R channel has high permeability to extracellular calcium (Ca(2+)) and upon stimulation allows increased Ca(2+) influx. We examined the contribution of Ca(2+)/calmodulin-dependent protein kinase IIα (Ca(2+)/CaMKIIα), interaction of 5-HT3R with calmodulin, and extracellular signal-regulated kinase 1/2 (ERK1/2) signaling to 2-Me-5-HT-induced emesis in the least shrew. Using fluo-4 AM dye, we found that 2-Me-5-HT augments intracellular Ca(2+) levels in brainstem slices and that the selective 5-HT3R antagonist palonosetron, can abolish the induced Ca(2+) signaling. Pre-treatment of shrews with either: i) amlodipine, an antagonist of L-type Ca(2+) channels present on the cell membrane; ii) dantrolene, an inhibitor of ryanodine receptors (RyRs) Ca2+-release channels located on the endoplasmic reticulum (ER); iii) a combination of their less-effective doses; or iv) inhibitors of CaMKII (KN93) and ERK1/2 (PD98059); dose-dependently suppressed emesis caused by 2-Me-5-HT. Administration of 2-Me-5-HT also significantly: i) enhanced the interaction of 5-HT3R with calmodulin in the brainstem as revealed by immunoprecipitation, as well as their colocalization in the area postrema (brainstem) and small intestine by immunohistochemistry; and ii) activated CaMKIIα in brainstem and in isolated enterochromaffin cells of the small intestine as shown by Western blot and immunocytochemistry. These effects were suppressed by palonosetron. 2-Me-5-HT also activated ERK1/2 in brainstem, which was abrogated by palonosetron, KN93, PD98059, amlodipine, dantrolene, or a combination of amlodipine plus dantrolene. However, blockade of ER inositol-1, 4, 5-triphosphate receptors by 2-APB, had no significant effect on the discussed behavioral and biochemical parameters. This study demonstrates that Ca(2+) mobilization via extracellular Ca(2+) influx through 5-HT3Rs/L-type Ca(2+) channels, and intracellular Ca(2+) release via RyRs on ER, initiate Ca(2+)-dependent sequential activation of CaMKIIα and ERK1/2, which contribute to the 5-HT3R-mediated, 2-Me-5-HT-evoked emesis.",,,10.1371/journal.pone.0104718,PloS one,,2014-08-15,"25121483
19295602
15527817
12045104
12626507
15329057
10634307
1725807
24430885
19522506
14752100
16688720
23038271
12618209
21940447
10715164
21789169
16800798
17113581
24513510
8090805
24352630
9448942
10651102
9705989
15970592
12105850
19699757
21683089
21627991
8913360
16552497
16865095
9928884
19022231
19485577
8740088
12888110
23001014
20942998
23609407
9792612
18768750
21737536
15944210
11101642
21303432
10903993
15044052
16299511
2299641
24513517
19128203
11976386
24631485
15223298
15746172
9489730
19032055
11096120
21113126
20732355
11882635",,Serotonin 5-HT3 receptor-mediated vomiting occurs via the activation of Ca2+/CaMKII-dependent ERK1/2 signaling in the least shrew (Cryptotis parva).,,"Zhong, Weixia, W; Hutchinson, Tarun E, TE; Chebolu, Seetha, S; Darmani, Nissar A, NA","Department of Basic Medical Sciences, College of Osteopathic Medicine of the Pacific, Western University of Health Sciences, California, United States of America.; Department of Basic Medical Sciences, College of Osteopathic Medicine of the Pacific, Western University of Health Sciences, California, United States of America.; Department of Basic Medical Sciences, College of Osteopathic Medicine of the Pacific, Western University of Health Sciences, California, United States of America.; Department of Basic Medical Sciences, College of Osteopathic Medicine of the Pacific, Western University of Health Sciences, California, United States of America."
"The bone morphogenetic protein (BMP) signaling cascade is aberrantly activated in human non-small cell lung cancer (NSCLC) but not in normal lung epithelial cells, suggesting that blocking BMP signaling may be an effective therapeutic approach for lung cancer. Previous studies demonstrated that some BMP antagonists, which bind to extracellular BMP ligands and prevent their association with BMP receptors, dramatically reduced lung tumor growth. However, clinical application of protein-based BMP antagonists is limited by short half-lives, poor intra-tumor delivery as well as resistance caused by potential gain-of-function mutations in the downstream of the BMP pathway. Small molecule BMP inhibitors which target the intracellular BMP cascades would be ideal for anticancer drug development. In a zebrafish embryo-based structure and activity study, we previously identified a group of highly selective small molecule inhibitors specifically antagonizing the intracellular kinase domain of BMP type I receptors. In the present study, we demonstrated that DMH1, one of such inhibitors, potently reduced lung cell proliferation, promoted cell death, and decreased cell migration and invasion in NSCLC cells by blocking BMP signaling, as indicated by suppression of Smad 1/5/8 phosphorylation and gene expression of Id1, Id2 and Id3. Additionally, DMH1 treatment significantly reduced the tumor growth in human lung cancer xenograft model. In conclusion, our study indicates that small molecule inhibitors of BMP type I receptors may offer a promising novel strategy for lung cancer treatment. ",,,10.1371/journal.pone.0090748,PloS one,,2014-03-08,"24603907
18048329
23593444
12040180
16310402
20335308
24160469
15871923
16247476
21687596
23335087
23586700
16995812
17616940
12819188
15041724
15037653
12485160
22024355
16122479
21509819
20020776
18663362
20042986
21748666",,"DMH1, a small molecule inhibitor of BMP type i receptors, suppresses growth and invasion of lung cancer.",,"Hao, Jijun, J; Lee, Rachel, R; Chang, Andy, A; Fan, Jeffery, J; Labib, Chantelle, C; Parsa, Cyrus, C; Orlando, Robert, R; Andresen, Bradley, B; Huang, Ying, Y","College of Veterinary Medicine, Western University of Health Sciences, Pomona, California, United States of America.; College of Pharmacy, Western University of Health Sciences, Pomona, California, United States of America.; College of Pharmacy, Western University of Health Sciences, Pomona, California, United States of America.; College of Pharmacy, Western University of Health Sciences, Pomona, California, United States of America.; College of Biomedical Sciences, Western University of Health Sciences, Pomona, California, United States of America.; Department of Clinical Sciences, College of Osteopathic Medicine, Western University of Health Sciences, Pomona, California, United States of America.; Department of Clinical Sciences, College of Osteopathic Medicine, Western University of Health Sciences, Pomona, California, United States of America.; College of Pharmacy, Western University of Health Sciences, Pomona, California, United States of America.; College of Pharmacy, Western University of Health Sciences, Pomona, California, United States of America."
"There is considerable interest in defining new agents or targets for antithrombotic purposes. The 5-HT2A receptor is a G-protein coupled receptor (GPCR) expressed on many cell types, and a known therapeutic target for many disease states. This serotonin receptor is also known to regulate platelet function. Thus, in our FDA-approved drug repurposing efforts, we investigated the antiplatelet activity of cyproheptadine and pizotifen, two antidepressant 5-HT2A Receptor antagonists. Our results revealed that cyproheptadine and pizotifen reversed serotonin-enhanced ADP-induced platelet aggregation in vitro and ex vivo. And the inhibitory effects of these two agents were found to be similar to that of EMD 281014, a 5-HT2A Receptor antagonist under development. In separate experiments, our studies revealed that these 5-HT2A receptor antagonists have the capacity to reduce serotonin-enhanced ADP-induced elevation in intracellular calcium levels and tyrosine phosphorylation. Using flow cytometry, we also observed that cyproheptadine, pizotifen, and EMD 281014 inhibited serotonin-enhanced ADP-induced phosphatidylserine (PS) exposure, P-selectin expression, and glycoprotein IIb-IIIa activation. Furthermore, using a carotid artery thrombosis model, these agents prolonged the time for thrombotic occlusion in mice in vivo. Finally, the tail-bleeding time was investigated to assess the effect of cyproheptadine and pizotifen on hemostasis. Our findings indicated prolonged bleeding time in both cyproheptadine- and pizotifen-treated mice. Notably, the increases in occlusion and bleeding times associated with these two agents were comparable to that of EMD 281014, and to clopidogrel, a commonly used antiplatelet drug, again, in a fashion comparable to clopidogrel and EMD 281014. Collectively, our data indicate that the antidepressant 5-HT2A antagonists, cyproheptadine and pizotifen do exert antiplatelet and thromboprotective effects, but similar to clopidogrel and EMD 281014, their use may interfere with normal hemostasis. ",,,10.1371/journal.pone.0087026,PloS one,,2014-01-28,"24466319
21699915
14508013
10430761
6732757
9176241
3838314
19628629
14531936
15007535
2427822
23509665
2132170
21848639
11307825
16409475
17912506
9917456
15500909
19874671
20455563
8731458
11750789
8274585
6631695
10708812
22384279
22067545
19485898
19922435
22715450
1717775
21901505
9513747
2016468
12052191
20362728
12008098
7195140
7889292
12177659
19346455
21822145
23613522
18358471
22503974",,The antidepressant 5-HT2A receptor antagonists pizotifen and cyproheptadine inhibit serotonin-enhanced platelet function.,,"Lin, Olivia A, OA; Karim, Zubair A, ZA; Vemana, Hari Priya, HP; Espinosa, Enma V P, EV; Khasawneh, Fadi T, FT","Department of Pharmaceutical Sciences, College of Pharmacy, Western University of Health Sciences, Pomona, California, United States of America.; Department of Pharmaceutical Sciences, College of Pharmacy, Western University of Health Sciences, Pomona, California, United States of America.; Department of Pharmaceutical Sciences, College of Pharmacy, Western University of Health Sciences, Pomona, California, United States of America.; Department of Pharmaceutical Sciences, College of Pharmacy, Western University of Health Sciences, Pomona, California, United States of America.; Department of Pharmaceutical Sciences, College of Pharmacy, Western University of Health Sciences, Pomona, California, United States of America."
"Skeletal pneumaticity is found in the presacral vertebrae of most sauropod dinosaurs, but pneumaticity is much less common in the vertebrae of the tail. We describe previously unrecognized pneumatic fossae in the mid-caudal vertebrae of specimens of Giraffatitan and Apatosaurus. In both taxa, the most distal pneumatic vertebrae are separated from other pneumatic vertebrae by sequences of three to seven apneumatic vertebrae. Caudal pneumaticity is not prominent in most individuals of either of these taxa, and its unpredictable development means that it may be more widespread than previously recognised within Sauropoda and elsewhere in Saurischia. The erratic patterns of caudal pneumatization in Giraffatitan and Apatosaurus, including the pneumatic hiatuses, show that pneumatic diverticula were more broadly distributed in the bodies of the living animals than are their traces in the skeleton. Together with recently published evidence of cryptic diverticula--those that leave few or no skeletal traces--in basal sauropodomorphs and in pterosaurs, this is further evidence that pneumatic diverticula were widespread in ornithodirans, both across phylogeny and throughout anatomy.",,,10.1371/journal.pone.0078213,PloS one,,2013-11-10,"24205162
19810215
13487092
22486689
4258755
21386963
8622183
5637732
21733078
16850471
21251189
22470520
15216520
23836048
19204909
13050886
23638372
6469850
17768539
19223979
18825273
16015329
11402840",,Caudal pneumaticity and pneumatic hiatuses in the sauropod dinosaurs Giraffatitan and Apatosaurus.,,"Wedel, Mathew J, MJ; Taylor, Michael P, MP","College of Osteopathic Medicine of the Pacific and College of Podiatric Medicine, Western University of Health Sciences, Pomona, California, United States of America.; None"
"Alzheimer's disease (AD) is marked by neuritic plaques that contain insoluble deposits of amyloid-β (Aβ), yet the physiological function of this peptide has remained unclear for more than two decades. Using genetics and pharmacology we have established that Aβ plays an important role in regulating capillary bed density within the brain, a function that is distinct from other cleavage products of amyloid precursor protein (APP). APP-deficient zebrafish had fewer cerebrovascular branches and shorter vessels in the hindbrain than wild-type embryos; this phenotype was rescued by treatment with human Aβ peptide, but not a smaller APP fragment called p3. Similar vascular defects were seen in zebrafish treated with a β-secretase inhibitor (BSI) that blocked endogenous Aβ production. BSI-induced vascular defects were also improved by treatment with human Aβ, but not p3. Our results demonstrate a direct correlation between extracellular levels of Aβ and cerebrovascular density in the developing hindbrain. These findings may be relevant to AD etiology where high levels of Aβ in the brain parenchyma precede the development of neuritic plaques and dense aberrantly-branched blood vessel networks that appear between them. The ability of Aβ to modify blood vessels may coordinate capillary density with local metabolic activity, which could explain the evolutionary conservation of this peptide from lobe-finned fish to man. ",,,10.1371/journal.pone.0075052,PloS one,,2013-09-17,"24040383
20885394
23404118
22743772
21784350
22122678
22931393
19664615
21387368
18305170
22778871
20592273
21456963
17432843
22792182
23507120
15566281
22381714
9441668
16505324
12372252",,Amyloid-β and APP deficiencies cause severe cerebrovascular defects: important work for an old villain.,,"Luna, Salvadore, S; Cameron, D Joshua, DJ; Ethell, Douglas W, DW","Molecular Neurobiology, Western University of Health Sciences, Pomona, California, United States of America ; Graduate College of Biomedical Sciences, Western University of Health Sciences, Pomona, California, United States of America.; None; None"
"Alzheimer's disease research has been at an impasse in recent years with lingering questions about the involvement of Amyloid-β (Aβ). Early versions of the amyloid hypothesis considered Aβ something of an undesirable byproduct of APP processing that wreaks havoc on the human neocortex, yet evolutionary conservation--over three hundred million years--indicates this peptide plays an important biological role in survival and reproductive fitness. Here we describe how Aβ regulates blood vessel branching in tissues as varied as human umbilical vein and zebrafish hindbrain. High physiological concentrations of Aβ monomer induced angiogenesis by a conserved mechanism that blocks γ-secretase processing of a Notch intermediate, NEXT, and reduces the expression of downstream Notch target genes. Our findings allude to an integration of signaling pathways that utilize γ-secretase activity, which may have significant implications for our understanding of Alzheimer's pathogenesis vis-à-vis vascular changes that set the stage for ensuing neurodegeneration.",,,10.1371/journal.pone.0039598,PloS one,,2012-07-14,"22792182
9551940
17965659
22308427
18266961
19923550
20816391
8618671
19664615
10735401
18305170
19217422
20592273
12372252
18220927
17888873
20610346
18457531
21190540
16960575
8938131
21414557
17105873
21900936
20139999
16251212
19275636
12598159
21784350
8705854
11953314
21909359
20816396
16096062
21784348",,Alzheimer's-related peptide amyloid-β plays a conserved role in angiogenesis.,,"Cameron, D Joshua, DJ; Galvin, Cooper, C; Alkam, Tursun, T; Sidhu, Harpreet, H; Ellison, John, J; Luna, Salvadore, S; Ethell, Douglas W, DW","Molecular Neurobiology, Western University of Health Sciences, Pomona, California, United States of America.; None; None; None; None; None; None"
"NMDA receptor NR2A/B subunits have PDZ-binding domains on their extreme C-termini that are known to interact with the PSD-95 family and other PDZ proteins. We explore the interactions between PSD-95 family proteins and the NR2A/B cytoplasmic tails, and the consequences of these interactions, from the endoplasmic reticulum (ER) through delivery to the synapse in primary rat hippocampal and cortical cultured neurons. We find that the NR2A/B cytoplasmic tails cluster very early in the secretory pathway and interact serially with SAP102 beginning at the intermediate compartment, and then PSD-95. We further establish that colocalization of the distal C-terminus of NR2B and PSD-95 begins at the trans-Golgi Network (TGN). Formation of NR2B/PSD-95/SAP102 complexes is dependent on the PDZ binding domain of NR2B subunits, but association with SAP102 and PSD-95 plays no distinguishable role in cluster pre-formation or initial targeting to the vicinity of the synapse. Instead the PDZ binding domain plays a role in restricting cell-surface clusters to postsynaptic targets.",,,10.1371/journal.pone.0039585,PloS one,,2012-07-05,"22761831
10779526
20974938
22265418
14642281
21640188
6180550
11163274
12089529
15102836
12577062
16157279
21525271
11640925
7781597
18854855
11267872
7931566
7684237
9849671
18308477
12388597
10204542
10230395
12376558
9647694
9454832
10481908
10637287
10197530
12160751
12867502
18197970
10341223
16725205
15385609
2537312
12097473
9694864
9354327
10862698
2985803
9490809
20434989
8893015
10336500
12540744
11906693
22375001
10769383
19620977
11567040
12738960
10648730
12181348
10845078
19041375
12718858
1350383
10846156
10748194
10629226
11574832
8491209
12514209
11529500
11182086
1986006
11553794
1409641
20357126
10844027
7569905
10234045
11717366
11312291
9288971",,Trafficking of the NMDAR2B receptor subunit distal cytoplasmic tail from endoplasmic reticulum to the synapse.,,"Standley, Steve, S; Petralia, Ronald S, RS; Gravell, Manneth, M; Hamilton, Rebecca, R; Wang, Ya-Xian, YX; Schubert, Manfred, M; Wenthold, Robert J, RJ","Graduate College of Biomedical Sciences, Western University of Health Sciences, Pomona, California, United States of America. sstandley@westernu.edu; None; None; None; None; None; None"
"Glutathione (GSH), a tripeptide antioxidant, is essential for cellular homeostasis and plays a vital role in diverse cellular functions. Individuals who are infected with Human immuno deficiency virus (HIV) are known to be susceptible to Mycobacterium tuberculosis (M. tb) infection. We report that by enhancing GSH levels, T-cells are able to inhibit the growth of M. tb inside macrophages. In addition, those GSH-replenished T cell cultures produced increased levels of Interleukin-2 (IL-2), Interleukin-12 (IL-12), and Interferon-gamma (IFN-γ), cytokines, which are known to be crucial for the control of intracellular pathogens. Our study reveals that T lymphocytes that are derived from HIV infected individuals are deficient in GSH, and that this deficiency correlates with decreased levels of Th1 cytokines and enhanced growth of M. tb inside human macrophages.",,,10.1371/journal.pone.0028378,PloS one,,2011-12-14,"22164280
12654802
9119245
11864781
19365081
2574255
8194133
18541226
9568464
20486929
2939169
20208540
2263644
15488606
20824205
9233457
7989601
8622912
8641800
12747238
16452418
15541398
9108081
8149670
15731094
2762307
19692995
1970635
18338948
3124263
10558973
8450057
11744325
21053781",,Glutathione and adaptive immune responses against Mycobacterium tuberculosis infection in healthy and HIV infected individuals.,,"Guerra, Carlos, C; Morris, Devin, D; Sipin, Andrea, A; Kung, Steven, S; Franklin, Mesharee, M; Gray, Dennis, D; Tanzil, Michelle, M; Guilford, Frederick, F; Khasawneh, Fadi T, FT; Venketaraman, Vishwanath, V","College of Osteopathic Medicine of the Pacific, Western University of Health Sciences, Pomona, California, United States of America.; None; None; None; None; None; None; None; None; None"
"Breast carcinoma cells have a specific pattern of expression for Eph receptors and ephrin ligands. EphB6 has previously been characterized as a signature molecule for invasive breast carcinoma cells. The transcription of EphB6 is silenced in breast carcinoma cells and its re-expression leads to decreased invasiveness of MDA-MB-231 cells. Such differences in phenotypes of native and EphB6 expressing MDA-MB-231 cells relate to an altered profile of micro RNAs. Comparative hybridization of total RNA to slides containing all known miRNAs by using locked nucleic acid (LNA) miRCURY platform yielded a significantly altered profile of miRNAs in MDA-MB-231 cells stably transfected with EphB6. After applying a threshold of change and a p-value of <0.001, the list of significantly altered miRNAs included miR-16, miR-23a, miR-24, miR-26a, miR-29a, miR-100, miRPlus-E1172 and miRPlus-E1258. The array-based changes were validated by real-time qPCR of miR-16, miR-23a, miR-24 and miR-100. Except miRPlus-E1172 and miRPlus-E1258, the remaining six miRNAs have been observed in a variety of cancers. The biological relevance of target mRNAs was predicted by using a common-target selection approach that allowed the identification of SMARCA5, SMARCC1, eIF2C2, eIF2C4, eIF4EBP2, FKABP5, FKBP1A, TRIB1, TRIB2, TRIB3, BMPR2, BMPR1A and BMPR1B as important targets of a subset of significantly altered miRNAs. Quantitative PCR revealed that the levels of SMARCC1, eIFC4, eIF4EB2, FKBP1a, FKBP5, TRIB1, TRIB3, BMPR1a and BMPR2 transcripts were significantly decreased in MDA-MB-231 cells transfected with EphB6. These observations confirm targeting of specific mRNAs by miR-100, miR-23a, miR-16 and miR-24, and suggest that the kinase-deficient EphB6 receptor is capable of initiating signal transduction from the cell surface to the nucleus resulting in the altered expression of a variety of genes involved in tumorigenesis and invasion. The alterations in miRNAs and their target mRNAs also suggest indirect involvement of EphB6 in PI3K/Akt/mTOR pathways.",,,10.1371/journal.pone.0022484,PloS one,,2011-08-04,"21811619
19818597
18708351
20668064
14500907
17720982
12702575
20980664
18197166
19524505
19247375
19751211
19234485
20081105
16364251
18381591
19904274
20815877
17410534
21199804
16557279
21602527
15147954
16457699
20208562
16288288
12094214
17227832
20179713
10914549
19156145
20952760
21119664
20495573
20432256
8702959
17922911
17028596
17971902
12618301
16448564",,EphB6 receptor modulates micro RNA profile of breast carcinoma cells.,,"Bhushan, Lokesh, L; Kandpal, Raj P, RP","Department of Basic Medical Sciences, Western University of Health Sciences, Pomona, California, United States of America.; None"
"The cusp homology of Lagomorpha has long been problematic largely because their teeth are highly derived relative to their more typically tribosphenic ancestors. Within this context, the lagomorph central cusp has been particularly difficult to homologize with other tribosphenic cusps; authors have previously considered it the paracone, protocone, metacone, amphicone, or an entirely new cusp.
Here we present newly described fossil duplicidentates (Lagomorpha and Mimotonidae) in the context of a well-constrained phylogeny to establish a nomenclatural system for cusps based on the tribosphenic pattern. We show that the central cusp of lagomorphs is homologous with the metaconule of other mammals. We also show that the buccal acquisition of a second cusp on the premolars (molarization) within duplicidentates is atypical with respect to other mammalian lineages; within the earliest lagomorphs, a second buccal cusp is added mesially to an isolated buccal cusp.
The distal shift of the 'ancestral' paracone within early duplicidentates amounts to the changing of a paracone into a metacone in these lineages. For this reason, we support a strictly topological approach to cusp names, and suggest a discontinuity in nomenclature to capture the complexity of the interplay between evolutionary history and the developmental process that have produced cusp patterns in duplicidentates.",,,10.1371/journal.pone.0012838,PloS one,,2010-09-30,"20877465
18838080
11121045
10706636
20220757
15718468
15538367
7186550",,Evolutionary patterns in the dentition of duplicidentata (mammalia) and a novel trend in the molarization of premolars.,,"Kraatz, Brian P, BP; Meng, Jin, J; Weksler, Marcelo, M; Li, Chuankui, C","Department of Anatomy, Western University of Health Sciences, Pomona, California, USA. bkraatz@westernu.edu; None; None; None"
"Perturbation of lipid metabolism, especially of cholesterol homeostasis, can be catastrophic to mammalian brain, as it has the highest level of cholesterol in the body. This notion is best illustrated by the severe progressive neurodegeneration in Niemann-Pick Type C (NPC) disease, one of the lysosomal storage diseases, caused by mutations in the NPC1 or NPC2 gene. In this study, we found that growth cone collapse induced by genetic or pharmacological disruption of cholesterol egress from late endosomes/lysosomes was directly related to a decrease in axonal and growth cone levels of the phosphorylated form of the tumor suppressor factor p53. Cholesterol perturbation-induced growth cone collapse and decrease in phosphorylated p53 were reduced by inhibition of p38 mitogen-activated protein kinase (MAPK) and murine double minute (Mdm2) E3 ligase. Growth cone collapse induced by genetic (npc1-/-) or pharmacological modification of cholesterol metabolism was Rho kinase (ROCK)-dependent and associated with increased RhoA protein synthesis; both processes were significantly reduced by P38 MAPK or Mdm2 inhibition. Finally, in vivo ROCK inhibition significantly increased phosphorylated p53 levels and neurofilaments in axons, and axonal bundle size in npc1-/- mice. These results indicate that NPC-related and cholesterol perturbation-induced axonal pathology is associated with an abnormal signaling pathway consisting in p38 MAPK activation leading to Mdm2-mediated p53 degradation, followed by ROCK activation. These results also suggest new targets for pharmacological treatment of NPC disease and other diseases associated with disruption of cholesterol metabolism.",,,10.1371/journal.pone.0009999,PloS one,,2010-04-14,"20386595
12142343
19386914
12149653
12205649
9255392
16983334
16455486
11525744
15450080
16192643
10613665
9809062
10722742
4140671
14769381
7754743
12692848
17627286
12437586
17123488
19342246
12670423
9388216
19563754
17059827
17660744
19166854
17631520
15465426
11274345
12461776
10779382
15066264
11504915
16099992
16107849
9862451
15864268
16621805
9153396
8615074
11713633
10542285
11715018
8382896
11877395",,Cholesterol Perturbation in Mice Results in p53 Degradation and Axonal Pathology through p38 MAPK and Mdm2 Activation.,,"Qin, Qingyu, Q; Liao, Guanghong, G; Baudry, Michel, M; Bi, Xiaoning, X","Department of Basic Medical Sciences, College of Osteopathic Medicine of the Pacific (COMP), Western University of Health Sciences, Pomona, California, United States of America.; None; None; None"
"As the percentage of elderly in the U.S. rises, the need for primary health care for the aging population increases. Knowledge of special characteristics of older persons, as well as demographics of the aging population, resources and principles of care are important in the provision of effective, professional primary health care by advanced practice nurses. In response to this increasing need for geriatric health care expertise, a tool was developed to evaluate basic geriatric knowledge of students entering advanced practice nursing study, Self Assessment of Geriatric Knowledge. The Self Assessment, derived from AACN's recommended geriatric competencies for BSN graduates, may be accessed on-line. Immediate test results are received on-line. Tests completed by 158 advanced practice students over a three year period showed geriatric knowledge deficits: myths of aging, prevention strategies and risk factors of elders; roles and responsibilities for care of elderly persons in the community; health policies that affect elder care; and, demographics of the geriatric population. These data may contribute to faculty awareness of curricular needs for preparing students for competent geriatric nursing care of the growing older population.",,,10.1016/j.profnurs.2006.01.004,Journal of professional nursing : official journal of the American Association of Colleges of Nursing,,2006-03-28,16564477,,Assessment of geriatric knowledge: an online tool for appraising entering APN students.,,"Towner, Elizabeth M, EM","College of Graduate Nursing, Western University of Health Sciences, Pomona, CA 91766, USA. beth@jeffnet.org"
