Abstract,Conclusions,Copyrights,DOI,Journal,Methods,Publication_date,PubmedID,Results,Title,Keywords,Authors,Affiliations
"Poly(ADP-ribose) polymerase-1 (PARP-1) is an abundant nuclear enzyme in mammalian cells. The enzyme synthesizes polymers of ADP-ribose from the coenzyme NAD(+) and plays multifaceted roles in cellular responses to genotoxic stress, including DNA repair. It had been shown that mouse fibroblasts treated with a DNA methylating agent in combination with a PARP inhibitor exhibit higher cytotoxicity than cells treated with methylating agent alone. This lethality of the PARP inhibitor is dependent on apurinic/apyrimidinic (AP) sites in the DNA and the presence of PARP-1. Here, we show that purified PARP-1 is capable of forming a DNA-protein cross-link (DPC) by covalently attaching to the AP site. This DPC formation is specific to the presence of the natural AP site in DNA and is accompanied by a single-strand DNA incision. Cellular studies confirm the formation of PARP-1 DPCs during alkylating agent-induced base excision repair (BER) and formation of DPCs is enhanced by a PARP inhibitor. Using an N-terminal and C-terminal truncated PARP-1 we show that a polypeptide fragment comprising the zinc 3 and BRCT sub-domains is sufficient for DPC formation. The covalent attachment of PARP-1 to AP site-containing DNA appears to be a suicidal event when BER is overwhelmed or disrupted. ",,Published by Oxford University Press on behalf of Nucleic Acids Research 2014. This work is written by (a) US Government employee(s) and is in the public domain in the US.,10.1093/nar/gku288,Nucleic acids research,,2014-04-29,"24771347
23193155
19372272
21262234
15795165
17981777
23144716
23145148
1549180
8533153
22863775
1722334
12619884
15701627
22469522
10455009
19778542
16093242
22246237
18452307
17292679
22258607
23861395
14967139
16829982
19717351
11554444
23118055
7819187
9614142
10583946
18450439
14567702
20573551
15273990
10557315
10884383
11340072
9334220
17982172
23562323
23042675
21870263
21127267
8995436
8663612
14500814
21183686
16987000
12727891
11861912
16091282
8594388
24588584
22854955
6287922
22582261
10858306
18166976
8755499
20364863
18472309
20511393",,Suicidal cross-linking of PARP-1 to AP site intermediates in cells undergoing base excision repair.,,"Prasad, Rajendra, R; Horton, Julie K, JK; Chastain, Paul D, PD; Gassman, Natalie R, NR; Freudenthal, Bret D, BD; Hou, Esther W, EW; Wilson, Samuel H, SH","Laboratory of Structural Biology, NIEHS, National Institutes of Health, 111 T.W. Alexander Drive, Research Triangle Park, NC 27709, USA.; Laboratory of Structural Biology, NIEHS, National Institutes of Health, 111 T.W. Alexander Drive, Research Triangle Park, NC 27709, USA.; William Carey University College of Osteopathic Medicine, 498 Tuscan Avenue, Hattiesburg, MS 39401, USA.; Laboratory of Structural Biology, NIEHS, National Institutes of Health, 111 T.W. Alexander Drive, Research Triangle Park, NC 27709, USA.; Laboratory of Structural Biology, NIEHS, National Institutes of Health, 111 T.W. Alexander Drive, Research Triangle Park, NC 27709, USA.; Laboratory of Structural Biology, NIEHS, National Institutes of Health, 111 T.W. Alexander Drive, Research Triangle Park, NC 27709, USA.; Laboratory of Structural Biology, NIEHS, National Institutes of Health, 111 T.W. Alexander Drive, Research Triangle Park, NC 27709, USA wilson5@niehs.nih.gov."
