Abstract,Conclusions,Copyrights,DOI,Journal,Methods,Publication_date,PubmedID,Results,Title,Keywords,Authors,Affiliations
"Cancer commonly occurs in the elderly and immunotherapy (IT) is being increasingly applied to this population. However, the majority of preclinical mouse tumor models assessing potential efficacy and toxicities of therapeutics use young mice. We assessed the impact of age on responses to systemic immune stimulation. In contrast to young mice, systemic cancer IT regimens or LPS given to aged mice resulted in rapid and lethal toxicities affecting multiple organs correlating with heightened proinflammatory cytokines systemically and within the parenchymal tissues. This inflammatory response and increased morbidity with age was independent of T cells or NK cells. However, prior in vivo depletion of macrophages in aged mice resulted in lesser cytokine levels, increased survival, and decreased liver histopathology. Furthermore, macrophages from aged mice and normal human elderly volunteers displayed heightened TNF and IL-6 production upon in vitro stimulation. Treatment of both TNF knockout mice and in vivo TNF blockade in aged mice resulted in significant increases in survival and lessened pathology. Importantly, TNF blockade in tumor-bearing, aged mice receiving IT displayed significant anti-tumor effects. These data demonstrate the critical role of macrophages in the age-associated hyper-inflammatory cytokine responses to systemic immunostimulation and underscore the importance of performing preclinical assessments in aged mice. ",,,10.1084/jem.20131219,The Journal of experimental medicine,,2013-10-02,"24081947
11603926
18039123
19491393
2805453
18240544
15846506
17327609
19584274
15551046
12645876
2790194
18508572
9688988
16908486
17931392
17992258
21624183
23323906
1103152
19016445
16496306
21748749
16614236
2265482
16868550
21074065
16935507
12766879
12949498
19798034
1596890
21042496
22251483
11435457
2118421
12067806
9049215
8910279
22674334
21324312
19605850
7806154
12594303
15572589
20130231
23618829
9018238
10647993
22614989
22136372
18692159
19007331
8195696
8847724
10911963
22903521
12560330
8820078
19343034
20172761
19538054",,Aging predisposes to acute inflammatory induced pathology after tumor immunotherapy.,,"Bouchlaka, Myriam N, MN; Sckisel, Gail D, GD; Chen, Mingyi, M; Mirsoian, Annie, A; Zamora, Anthony E, AE; Maverakis, Emanual, E; Wilkins, Danice E C, DE; Alderson, Kory L, KL; Hsiao, Hui-Hua, HH; Weiss, Jonathan M, JM; Monjazeb, Arta M, AM; Hesdorffer, Charles, C; Ferrucci, Luigi, L; Longo, Dan L, DL; Blazar, Bruce R, BR; Wiltrout, Robert H, RH; Redelman, Doug, D; Taub, Dennis D, DD; Murphy, William J, WJ","Department of Microbiology & Immunology and 2 Department of Physiology and Cell Biology, University of Nevada-Reno School of Medicine, Reno, NV 89557.; None; None; None; None; None; None; None; None; None; None; None; None; None; None; None; None; None; None"
"The Rho-kinase pathway regulates agonist-induced contractions in several smooth muscles, including the intestine, urinary bladder and uterus, via dynamic changes in the Ca(2+) sensitivity of the contractile apparatus. However, there is evidence that Rho-kinase also modulates other cellular effectors such as ion channels.
We examined the regulation of colonic smooth muscle excitability by Rho-kinase using conventional microelectrode recording, isometric force measurements and patch-clamp techniques.
The Rho-kinase inhibitors, Y-27632 and H-1152, decreased nerve-evoked on- and off-contractions elicited at a range of frequencies and durations. The Rho-kinase inhibitors decreased the spontaneous contractions and the responses to carbachol and substance P independently of neuronal inputs, suggesting Y-27632 acts directly on smooth muscle. The Rho-kinase inhibitors significantly reduced the depolarization in response to carbachol, an effect that cannot be due to regulation of Ca(2+) sensitization. Patch-clamp experiments showed that Rho-kinase inhibitors reduce GTPγS-activated non-selective cation currents.
The Rho-kinase inhibitors decreased contractions evoked by nerve stimulation, carbachol and substance P. These effects were not solely due to inhibition of the Ca(2+) sensitization pathway, as the Rho-kinase inhibitors also inhibited the non-selective cation conductances activated by excitatory transmitters. Thus, Rho-kinase may regulate smooth muscle excitability mechanisms by regulating non-selective cation channels as well as changing the Ca(2+) sensitivity of the contractile apparatus.",,© 2011 The Authors. British Journal of Pharmacology © 2011 The British Pharmacological Society.,10.1111/j.1476-5381.2011.01241.x,British journal of pharmacology,,2011-01-27,"21265824
11522599
17598957
19190174
16636102
15980039
9686898
19413679
1539659
18037403
15048016
7689401
19218502
14512413
15629666
20218979
8572168
12770939
11397799
14506307
1724672
18066127
16894345
2410793
18223191
15750846
16829523
19549525
9080371
3007747
11389196
19883461
12642376
19252098
18402641
12670478
18536743
18187514
17010334
9863649",,Contribution of Rho-kinase to membrane excitability of murine colonic smooth muscle.,,"Bayguinov, O, O; Dwyer, L, L; Kim, H, H; Marklew, A, A; Sanders, K M, KM; Koh, S D, SD","Department of Physiology and Cell Biology, University of Nevada Reno, School of Medicine, USA.; None; None; None; None; None"
"Sibly et al.'s (Reports, 22 July 2005, p. 607) contention that density dependence acts strongly on low-density animal populations irrespective of body size contradicts many long-term studies of large mammals. Their findings were distorted by harvest records, which may poorly reflect population trend. Omitting unreliable data, their massive data set is reduced to only one case for large mammals.",,,10.1126/science.1127705,"Science (New York, N.Y.)",,2006-07-11,16825552,,"Comment on ""On the regulation of populations of mammals, birds, fish, and insects"" IV.",,"Peacock, Elizabeth, E; Garshelis, David L, DL","Department of Biology, University of Nevada-Reno, Reno, NV 89557, USA. epeacock@gov.nu.ca; None"
"The Ushki Paleolithic sites of Kamchatka, Russia, have long been thought to contain information critical to the peopling of the Americas, especially the origins of Clovis. New radiocarbon dates indicate that human occupation of Ushki began only 13,000 calendar years ago-nearly 4000 years later than previously thought. Although biface industries were widespread across Beringia contemporaneous to the time of Clovis in western North America, these data suggest that late-glacial Siberians did not spread into Beringia until the end of the Pleistocene, perhaps too recently to have been ancestral to proposed pre-Clovis populations in the Americas.",,,10.1126/science.1086555,"Science (New York, N.Y.)",,2003-07-26,12881567,,"The archaeology of Ushki Lake, Kamchatka, and the Pleistocene peopling of the Americas.",,"Goebel, Ted, T; Waters, Michael R, MR; Dikova, Margarita, M","Department of Anthropology/096, University of Nevada Reno, Reno, NV 89557, USA. goebel@unr.edu; None; None"
"The number of people taking statins is increasing across the globe, highlighting the importance of fully understanding statins' effects on the cardiovascular system. The beneficial impact of statins extends well beyond regression of atherosclerosis to include direct effects on tissues of the cardiovascular system ('pleiotropic effects'). Pleiotropic effects on the cardiac myocyte are often overlooked. Here we consider the contribution of the caveolin protein, whose expression and cellular distribution is dependent on cholesterol, to statin effects on the cardiac myocyte. Caveolin is a structural and regulatory component of caveolae, and is a key regulator of cardiac contractile function and adrenergic responsiveness. We employed an experimental model in which inhibition of myocyte HMG CoA reductase could be studied in the absence of paracrine influences from non-myocyte cells. Adult rat ventricular myocytes were treated with 10 µM simvastatin for 2 days. Simvastatin treatment reduced myocyte cholesterol, caveolin 3 and caveolar density. Negative inotropic and positive lusitropic effects (with corresponding changes in [Ca2+]i) were seen in statin-treated cells. Simvastatin significantly potentiated the inotropic response to β2-, but not β1-, adrenoceptor stimulation. Under conditions of β2-adrenoceptor stimulation, phosphorylation of phospholamban at Ser16 and troponin I at Ser23/24 was enhanced with statin treatment. Simvastatin increased NO production without significant effects on eNOS expression or phosphorylation (Ser1177), consistent with the reduced expression of caveolin 3, its constitutive inhibitor. In conclusion, statin treatment can reduce caveolin 3 expression, with functional consequences consistent with the known role of caveolae in the cardiac cell. These data are likely to be of significance, particularly during the early phases of statin treatment, and in patients with heart failure who have altered β-adrenoceptor signalling. In addition, as caveolin is ubiquitously expressed and has myriad tissue-specific functions, the impact of statin-dependent changes in caveolin is likely to have many other functional sequelae. ",,,10.1371/journal.pone.0106905,PloS one,,2014-09-12,"25211146
12943890
7540173
21718586
18362422
7864202
12829176
9325253
16318846
18203845
11110775
21945464
20671242
17406460
9537338
14748728
21115018
10419531
11208118
12002257
9509899
9804784
10639106
20027659
12138167
17272813
9422697
8397233
22668787
20403949
17175040
5012767
11136695
15916736
17452609
21782827
24239923
11934843
11259986
15492314
14572163
20629037
7878672
17568574
18007024
12966035
16137761
9380697
9727051
10398860
11006286
9575939
20011535
14612574
12114321
18514221
17631295
16467371
21740911
9799412
2493245
18722380",,Caveolin contributes to the modulation of basal and β-adrenoceptor stimulated function of the adult rat ventricular myocyte by simvastatin: a novel pleiotropic effect.,,"Pugh, Sara D, SD; MacDougall, David A, DA; Agarwal, Shailesh R, SR; Harvey, Robert D, RD; Porter, Karen E, KE; Calaghan, Sarah, S","School of Biomedical Sciences, University of Leeds, Leeds, West Yorkshire, United Kingdom.; School of Biomedical Sciences, University of Leeds, Leeds, West Yorkshire, United Kingdom.; Department of Pharmacology, University of Nevada Reno, Reno, Nevada, United States of America.; Department of Pharmacology, University of Nevada Reno, Reno, Nevada, United States of America.; Division of Cardiovascular and Diabetes Research, University of Leeds, Leeds, West Yorkshire, United Kingdom.; School of Biomedical Sciences, University of Leeds, Leeds, West Yorkshire, United Kingdom."
"The effects of weak magnetic fields on the biological production of reactive oxygen species (ROS) from intracellular superoxide (O2•-) and extracellular hydrogen peroxide (H2O2) were investigated in vitro with rat pulmonary arterial smooth muscle cells (rPASMC). A decrease in O2•- and an increase in H2O2 concentrations were observed in the presence of a 7 MHz radio frequency (RF) at 10 μTRMS and static 45 μT magnetic fields. We propose that O2•- and H2O2 production in some metabolic processes occur through singlet-triplet modulation of semiquinone flavin (FADH•) enzymes and O2•- spin-correlated radical pairs. Spin-radical pair products are modulated by the 7 MHz RF magnetic fields that presumably decouple flavin hyperfine interactions during spin coherence. RF flavin hyperfine decoupling results in an increase of H2O2 singlet state products, which creates cellular oxidative stress and acts as a secondary messenger that affects cellular proliferation. This study demonstrates the interplay between O2•- and H2O2 production when influenced by RF magnetic fields and underscores the subtle effects of low-frequency magnetic fields on oxidative metabolism, ROS signaling, and cellular growth. ",,,10.1371/journal.pone.0093065,PloS one,,2014-04-01,"24681944
9535213
21677723
20082334
10653784
10230939
19957967
21343580
15143206
17296874
19725575
19527640
18999917
20365051
22198842
17662968
12076339
18641630
19015670
18508647
16677071
17237347
22307585
16227320
2653819
26089595
19383488
15141211
23457052
21777669
21079586
18449197
20119972
19899795
302123
19309256
18443763
8077188
18760347
23963374
16043694
23034390
21128732
15931683
23712352
16100517
23966619
22819837
19061438
18672901
16617096
301748",,Spin biochemistry modulates reactive oxygen species (ROS) production by radio frequency magnetic fields.,,"Usselman, Robert J, RJ; Hill, Iain, I; Singel, David J, DJ; Martino, Carlos F, CF","Electromagnetics Division, National Institute of Standards and Technology, Boulder, Colorado, United States of America.; Department of Mechanical Engineering, University of Nevada Reno, Reno, Nevada, United States of America.; Department of Chemistry and Biochemistry, Montana State University, Bozeman, Montana, United States of America.; Department of Mechanical Engineering, University of Nevada Reno, Reno, Nevada, United States of America."
"There has been a significant increase in studies of how global change parameters affect interacting species or entire communities, yet the combined or interactive effects of increased atmospheric CO2 and associated increases in global mean temperatures on chemically mediated trophic interactions are mostly unknown. Thus, predictions of climate-induced changes on plant-insect interactions are still based primarily on studies of individual species, individual global change parameters, pairwise interactions, or parameters that summarize communities. A clear understanding of community response to global change will only emerge from studies that examine effects of multiple variables on biotic interactions. We examined the effects of increased CO2 and temperature on simple laboratory communities of interacting alfalfa, chemical defense, armyworm caterpillars, and parasitoid wasps. Higher temperatures and CO2 caused decreased plant quality, decreased caterpillar development times, developmental asynchrony between caterpillars and wasps, and complete wasp mortality. The effects measured here, along with other effects of global change on natural enemies suggest that biological control and other top-down effects of insect predators will decline over the coming decades.",,,10.1371/journal.pone.0062528,PloS one,,2013-05-03,"23638105
21058543
16293686
19265021
20392517
28307587
16332208
19062363
10322520
19849711
12533304
23007089
22815763
22834382
15672673
28308517
18177334
23007094
28307814
23007081
12844253
20487086
20008386
18801260
19805183
15377233
16846383
14712258
22928417
21948221
20054619
17272720
26466618
23007078
23007092
19017122
22030732
20346952
12770386
15856784
23007079
20513716",,Effects of CO2 and temperature on tritrophic interactions.,,"Dyer, Lee A, LA; Richards, Lora A, LA; Short, Stephanie A, SA; Dodson, Craig D, CD","Department of Biology, University of Nevada Reno, Reno, Nevada, USA. nolaclimber@gmail.com; None; None; None"
"Glycobiology research with Caenorhabditis elegans (C. elegans) has benefitted from the numerous genetic and cell biology tools available in this system. However, the lack of a cell line and the relative inaccessibility of C. elegans somatic cells in vivo have limited the biochemical approaches available in this model. Here we report that C. elegans primary embryonic cells in culture incorporate azido-sugar analogs of N-acetylgalactosamine (GalNAc) and N-acetylglucosamine (GlcNAc), and that the labeled glycoproteins can be analyzed by mass spectrometry. By using this metabolic labeling approach, we have identified a set of novel C. elegans glycoprotein candidates, which include several mitochondrially-annotated proteins. This observation was unexpected given that mitochondrial glycoproteins have only rarely been reported, and it suggests that glycosylation of mitochondrially-annotated proteins might occur more frequently than previously thought. Using independent experimental strategies, we validated a subset of our glycoprotein candidates. These include a mitochondrial, atypical glycoprotein (ATP synthase α-subunit), a predicted glycoprotein (aspartyl protease, ASP-4), and a protein family with established glycosylation in other species (actin). Additionally, we observed a glycosylated isoform of ATP synthase α-subunit in bovine heart tissue and a primate cell line (COS-7). Overall, our finding that C. elegans primary embryonic cells are amenable to metabolic labeling demonstrates that biochemical studies in C. elegans are feasible, which opens the door to labeling C. elegans cells with other radioactive or azido-substrates and should enable the identification of additional post-translationally modified targets and analysis of the genes required for their modification using C. elegans mutant libraries.",,,10.1371/journal.pone.0049020,PloS one,,2012-11-16,"23152843
17305342
18451302
17708590
20952811
16959566
12203546
17008306
17942682
21500322
21559335
10854422
2526034
17726461
19004814
11856526
21300897
16408927
18988896
9677401
17446899
15547999
15308774
16549800
19954190
4366476
18683930
8503957
19756047
12410314
10720325
16051707
10580125
22564751",,Metabolic labeling of Caenorhabditis elegans primary embryonic cells with azido-sugars as a tool for glycoprotein discovery.,,"Burnham-Marusich, Amanda R, AR; Snodgrass, Casey J, CJ; Johnson, Anna M, AM; Kiyoshi, Conrad M, CM; Buzby, Sarah E, SE; Gruner, Matt R, MR; Berninsone, Patricia M, PM","Department of Biology, University of Nevada Reno, Reno, Nevada, United States of America.; None; None; None; None; None; None"
"To (a) assess the HIV/AIDS knowledge and sources of HIV/sexually transmitted infection (STI) information among sexually abstinent college students in China; (b) examine whether constructs from the transtheoretical model (TTM) are applicable to this study population regarding condom use intention; and (c) evaluate the association between genders and TTM constructs, and HIV/AIDS knowledge.
Chinese college students are vulnerable to HIV and other STIs. Strategies targeting abstinent students are more cost-effective than providing treatment for diseases.
We surveyed 390 students enrolled in two universities in China. Data were collected from June 2009 to March 2010.
Only 11% and 24% were aware of HIV spread by infected semen and of the protective effects of condom use against HIV. The mass media were major sources of HIV/STI information. Individuals who had higher levels of self-efficacy and reported more perceived benefits and fewer perceived barriers were more likely to be in TTM contemplation stage of condom use than those in precontemplation. Females were less likely to discuss HIV/STIs through online chat or email with strangers than males. Individuals who had higher levels of self-efficacy and reported more perceived benefits and fewer perceived barriers were more likely to be in TTM contemplation stage of condom use than those in precontemplation.
Sexually abstinent college students in China may be more likely to transition from precontemplation to contemplation if they know the benefits of condom use for the prevention of HIV/STIs and if they learn to successfully minimize potential barriers related to condom use.",Sexually abstinent college students in China may be more likely to transition from precontemplation to contemplation if they know the benefits of condom use for the prevention of HIV/STIs and if they learn to successfully minimize potential barriers related to condom use.,© 2013 International Council of Nurses.,10.1111/inr.12039,International nursing review,,2013-08-22,23961799,Only 11% and 24% were aware of HIV spread by infected semen and of the protective effects of condom use against HIV. The mass media were major sources of HIV/STI information. Individuals who had higher levels of self-efficacy and reported more perceived benefits and fewer perceived barriers were more likely to be in TTM contemplation stage of condom use than those in precontemplation. Females were less likely to discuss HIV/STIs through online chat or email with strangers than males. Individuals who had higher levels of self-efficacy and reported more perceived benefits and fewer perceived barriers were more likely to be in TTM contemplation stage of condom use than those in precontemplation.,HIV knowledge and condom intention among sexually abstinent Chinese students.,China; College Students; Condom Use Intention; HIV/AIDS Knowledge; Nursing; Perceived Barrier; Perceived Benefit; Self-Efficacy; Sexual Abstinence; Transtheoretical Model,"Tung, W-C, WC; Hu, J, J; Efird, J T, JT; Su, W, W; Yu, L, L","Orvis School of Nursing, University of Nevada-Reno, Reno, NV, USA. wctung@hotmail.com; None; None; None; None"
Transtheoretical model has shown promise in promoting adoption and maintenance of physical activity and was used to guide this study. A cross-sectional design with snowball sampling was applied to recruit 201 Chinese Americans. Self-efficacy scores were significantly higher for participants in maintenance than those in precontemplation. There were no significant differences in perceived benefits and barriers in different stages. The transtheoretical model partially applied to the participants for whom the reinforcement of self-efficacy is more important than emphasizing the benefits or decreasing the barriers to regular physical activity. Cultural issues may play a critical role and should be further investigated.,,,10.1177/1043659609334929,Journal of transcultural nursing : official journal of the Transcultural Nursing Society,,2009-04-21,19376963,,Assessing transcultural validity of the transtheoretical model with Chinese Americans and physical activity.,,"Tung, Wei-Chen, WC; Hsu, Chiu-Hsieh, CH","University of Nevada Reno, USA. wctung@hotmail.com; None"
