Rank,Sourceid,Title,Type,Issn,SJR,SJR Quartile,H index,Total Docs. (2021),Total Docs. (3years),Total Refs.,Total Cites (3years),Citable Docs. (3years),Cites / Doc. (2years),Ref. / Doc.,Country,Region,Publisher,Coverage,Categories
1,3600148102,Alzheimer's and Dementia,journal,15525279,,,,,,,,,,,,,,,
2,20833,Health Affairs,journal,2782715,,,,,,,,,,,,,,,
3,21100858657,Lancet Planetary Health,,,,,,,,,,,,,,,,,
4,5700191210,Implementation Science,journal,17485908,2,,,,,,,,,,,,,,
5,21100923302,Infectious Disease Modelling,journal,24682152,,,,,,,,,,,,,,,
6,21100898934,BMJ Global Health,journal,20597908,2,,,,,,,,,,,,,,
7,4400151514,Globalization and Health,journal,17448603,2,,,,,,,,,,,,,,
8,14166,Journal of Health Economics,journal,18791646,,,,,,,,,,,,,,,
9,12066,Journal of the American Medical Directors Association,journal,15258610,,,,,,,,,,,,,,,
10,21103,Milbank Quarterly,journal,0887378X,,,,,,,,,,,,,,,
11,21100856573,"European heart journal. Quality of care &amp, clinical outcomes",journal,20581742,,,,,,,,,,,,,,,
12,19700201434,BMJ Quality and Safety,journal,20445423,,,,,,,,,,,,,,,
13,13408,Health Services Research,journal,14756773,,,,,,,,,,,,,,,
14,20052,Medical Care Research and Review,journal,15526801,,,,,,,,,,,,,,,
15,22377,Value in Health,journal,10983015,,,,,,,,,,,,,,,
16,21100208044,Policy and Internet,journal,19442866,1,,,,,,,,,,,,,,
17,25290,International Journal of Drug Policy,journal,18734758,,,,,,,,,,,,,,,
18,21461,International Journal for Equity in Health,journal,14759276,1,,,,,,,,,,,,,,
19,21100787508,Journal of Global Health,journal,20472986,,,,,,,,,,,,,,,
20,21165,PharmacoEconomics,journal,11707690,,,,,,,,,,,,,,,
21,21337,Health Research Policy and Systems,journal,14784505,1,,,,,,,,,,,,,,
22,21101041403,Global Health Research and Policy,journal,23970642,1,,,,,,,,,,,,,,
23,21101021641,International Journal of Transgender Health,journal,26895269,,,,,,,,,,,,,,,
24,21100981740,JCO Oncology Practice,journal,26881527,,,,,,,,,,,,,,,
25,4000148311,Preventing chronic disease,journal,15451151,1,,,,,,,,,,,,,,
26,21100787828,International Journal of Health Policy and Management,journal,23225939,1,,,,,,,,,,,,,,
27,21100443787,SSM - Population Health,journal,23528273,1,,,,,,,,,,,,,,
28,21100201916,Pediatric obesity,journal,20476302,,,,,,,,,,,,,,,
29,21308,Health Policy and Planning,journal,14602237,,,,,,,,,,,,,,,
30,23648,Health Technology Assessment,journal,20464924,,,,,,,,,,,,,,,
31,19700201201,EPMA Journal,journal,18785077,,,,,,,,,,,,,,,
32,21100829907,American Journal of Health Economics,journal,23323493,,,,,,,,,,,,,,,
33,17792,Medical Decision Making,journal,1552681X,,,,,,,,,,,,,,,
34,21100779233,Journal of racial and ethnic health disparities,journal,21968837,1,,,,,,,,,,,,,,
35,13356,Health Economics (United Kingdom),journal,10579230,,,,,,,,,,,,,,,
36,21306,Health Policy,journal,18726054,,,,,,,,,,,,,,,
37,23590,Science and Engineering Ethics,journal,13533452,,,,,,,,,,,,,,,
38,21100944557,Health Equity,journal,24731242,1,,,,,,,,,,,,,,
39,21905,Journal of Public Health Management and Practice,journal,10784659,,,,,,,,,,,,,,,
40,21786,American Journal of Infection Control,journal,15273296,,,,,,,,,,,,,,,
41,19700166518,International Journal of Mental Health Systems,journal,17524458,1,,,,,,,,,,,,,,
42,28098,BMC Health Services Research,journal,14726963,0,,,,,,,,,,,,,,
43,21100390415,Global health,,,,,,,,,,,,,,,,,
44,17500154705,Global Health Action,journal,16549716,,,,,,,,,,,,,,,
45,13382,Health Care Management Review,journal,15505030,,,,,,,,,,,,,,,
46,27516,Applied Health Economics and Health Policy,journal,11755652,,,,,,,,,,,,,,,
47,21100784204,Public Health Research and Practice,journal,22042091,0,,,,,,,,,,,,,,
48,26613,Administration and Policy in Mental Health and Mental Health Services Research,journal,15733289,,,,,,,,,,,,,,,
49,22307,HIV Medicine,journal,14681293,,,,,,,,,,,,,,,
50,14699,Inquiry (United States),journal,19457243,,,,,,,,,,,,,,,
51,21676,American Journal of Bioethics,journal,15265161,,,,,,,,,,,,,,,
52,21100310028,Journal of Transport and Health,journal,22141405,0,,,,,,,,,,,,,,
53,19900192123,World Medical and Health Policy,journal,21532028,,,,,,,,,,,,,,,
54,15962,Journal of Medical Ethics,journal,14734257,,,,,,,,,,,,,,,
55,13217,European Journal of Health Economics,journal,16187598,,,,,,,,,,,,,,,
56,18138,Sociology of Health and Illness,journal,1419889,,,,,,,,,,,,,,,
57,21100201770,Health Policy and Technology,journal,22118845,,,,,,,,,,,,,,,
58,15931,Journal of Health Politics,,,,,,,,,,,,,,,,,
59,16400154776,Personality and Mental Health,journal,19328621,,,,,,,,,,,,,,,
60,21100924250,Digital Health,journal,20552076,0,,,,,,,,,,,,,,
61,23602,BMC Medical Informatics and Decision Making,journal,14726947,0,,,,,,,,,,,,,,
62,28100,BMC Medical Ethics,journal,14726939,0,,,,,,,,,,,,,,
63,21906,Journal of Public Health Policy,journal,1975897,,,,,,,,,,,,,,,
64,5800179601,Substance Abuse: Treatment,,,,,,,,,,,,,,,,,
65,20848,Health and Social Care in the Community,journal,9660410,,,,,,,,,,,,,,,
66,21100853551,Diagnosis,journal,21948011,,,,,,,,,,,,,,,
67,6200180178,International Journal of COPD,journal,11782005,,,,,,,,,,,,,,,
68,21100943924,World Journal of Men?s Health,journal,22874690,,,,,,,,,,,,,,,
69,27211,International Journal of Technology Assessment in Health Care,journal,14716348,,,,,,,,,,,,,,,
70,69138,American Journal of Managed Care,journal,10880224,,,,,,,,,,,,,,,
71,4700152879,Health Information Management Journal,journal,18333575,,,,,,,,,,,,,,,
72,12788,Cost Effectiveness and Resource Allocation,journal,14787547,0,,,,,,,,,,,,,,
73,21100433204,Health promotion and chronic disease prevention in Canada : research,,,,,,,,,,,,,,,,,
74,21100370879,"Journal of managed care &amp, specialty pharmacy",journal,23761032,,,,,,,,,,,,,,,
75,19600163000,Inquiry (United Kingdom),journal,15023923,,,,,,,,,,,,,,,
76,12400154748,Population Health Management,journal,19427905,,,,,,,,,,,,,,,
77,21100325142,Journal of Pharmaceutical Policy and Practice,journal,20523211,0,,,,,,,,,,,,,,
78,15898,Journal of Evaluation in Clinical Practice,journal,13652753,,,,,,,,,,,,,,,
79,15932,Journal of Health Services Research and Policy,journal,17581060,,,,,,,,,,,,,,,
80,15951,Journal of Medical Economics,journal,13696998,,,,,,,,,,,,,,,
81,19700175819,Patient Preference and Adherence,journal,1177889X,0,,,,,,,,,,,,,,
82,21465,International Journal of Health Services,journal,15414469,,,,,,,,,,,,,,,
83,22886,Developing World Bioethics,journal,14718731,,,,,,,,,,,,,,,
84,21100255082,International Journal of Integrated Care,journal,15684156,0,,,,,,,,,,,,,,
85,13242,Evaluation and the Health Professions,journal,15523918,,,,,,,,,,,,,,,
86,14734,International Journal for Quality in Health Care,journal,13534505,,,,,,,,,,,,,,,
87,19900188006,BioSocieties,journal,17458560,,,,,,,,,,,,,,,
88,29194,Journal of Aging Studies,journal,8904065,,,,,,,,,,,,,,,
89,10900153303,Health Economics,,,,,,,,,,,,,,,,,
90,4700151729,Ciencia e Saude Coletiva,journal,14138123,0,,,,,,,,,,,,,,
91,29814,International Journal of Health Planning and Management,journal,7496753,,,,,,,,,,,,,,,
92,13318,Hastings Center Report,journal,1552146X,,,,,,,,,,,,,,,
93,18993,New Genetics and Society,journal,14636778,,,,,,,,,,,,,,,
94,14300154705,Neuroethics,journal,18745490,,,,,,,,,,,,,,,
95,12080,Australian Health Review,journal,14498944,,,,,,,,,,,,,,,
96,21100465064,International Journal of Health Economics and Management,journal,21999023,,,,,,,,,,,,,,,
97,7600153113,Breastfeeding Medicine,journal,15568253,,,,,,,,,,,,,,,
98,19700182697,Risk Management and Healthcare Policy,journal,11791594,0,,,,,,,,,,,,,,
99,21371,Expert Review of Pharmacoeconomics and Outcomes Research,journal,14737167,,,,,,,,,,,,,,,
100,21100329538,International Journal of Healthcare Management,journal,20479700,,,,,,,,,,,,,,,
101,5800179600,Philosophy,,,,,,,,,,,,,,,,,
102,11600153420,Social Work in Public Health,journal,1937190X,,,,,,,,,,,,,,,
103,21100802700,Health Economics Review,journal,21911991,0,,,,,,,,,,,,,,
104,27061,American Journal of Medical Quality,journal,10628606,0,,,,,,,,,,,,,,
105,11800154595,International Journal of Qualitative Studies on Health and Well-being,journal,17482631,,,,,,,,,,,,,,,
106,19700175100,American Health and Drug Benefits,journal,19422962,,,,,,,,,,,,,,,
107,19700174990,Public Health Ethics,journal,17549973,,,,,,,,,,,,,,,
108,21100464933,Asian Bioethics Review,journal,17938759,,,,,,,,,,,,,,,
109,22443,Journal of Medical Screening,journal,9691413,,,,,,,,,,,,,,,
110,21100932732,PharmacoEconomics - Open,journal,25094262,,,,,,,,,,,,,,,
111,4000148017,Journal of Bioethical Inquiry,journal,11767529,0,,,,,,,,,,,,,,
112,28055,Australian Journal of Primary Health,journal,14487527,0,,,,,,,,,,,,,,
113,22258,Bioethics,journal,14678519,,,,,,,,,,,,,,,
114,13473,Home Health Care Services Quarterly,journal,1621424,,,,,,,,,,,,,,,
115,14138,Journal of Ambulatory Care Management,journal,15503267,,,,,,,,,,,,,,,
116,21100338761,Israel Journal of Health Policy Research,journal,20454015,0,,,,,,,,,,,,,,
117,19443,American Journal of Health-System Pharmacy,journal,10792082,,,,,,,,,,,,,,,
118,16480,Kennedy Institute of Ethics Journal,journal,10863249,,,,,,,,,,,,,,,
119,21100932737,BMJ Open Quality,journal,23996641,0,,,,,,,,,,,,,,
120,12400154713,Geospatial health,journal,19707096,,,,,,,,,,,,,,,
121,21100258385,Journal of Comparative Effectiveness Research,journal,20426305,,,,,,,,,,,,,,,
122,21100935763,Health Systems,journal,20476973,,,,,,,,,,,,,,,
123,21892,Journal of Behavioral Health Services and Research,journal,10943412,,,,,,,,,,,,,,,
124,13338,Health Care Analysis,journal,15733394,,,,,,,,,,,,,,,
125,18402,Medicine,,,,,,,,,,,,,,,,,
126,21100198496,American Journal of Lifestyle Medicine,journal,15598276,,,,,,,,,,,,,,,
127,19600161811,Research in gerontological nursing,journal,19382464,,,,,,,,,,,,,,,
128,16244,Journal of Law,,,,,,,,,,,,,,,,,
129,19700175091,ClinicoEconomics and Outcomes Research,journal,11786981,0,,,,,,,,,,,,,,
130,22456,International Journal of Pharmacy Practice,journal,9617671,,,,,,,,,,,,,,,
131,4700152411,Chronic Illness,journal,17423953,,,,,,,,,,,,,,,
132,19700175007,Journal of Research in Health Sciences,journal,22287809,,,,,,,,,,,,,,,
133,21100218529,Value in Health Regional Issues,journal,22121099,,,,,,,,,,,,,,,
134,144616,Journal of Health Organization and Management,journal,14777266,0,,,,,,,,,,,,,,
135,21100980647,Health Services Insights,journal,11786329,0,,,,,,,,,,,,,,
136,145701,Indian Journal of Palliative Care,journal,19983735,,,,,,,,,,,,,,,
137,83956,NAD Nordic Studies on Alcohol and Drugs,journal,3587024,,,,,,,,,,,,,,,
138,19700175786,HIV/AIDS - Research and Palliative Care,journal,11791373,0,,,,,,,,,,,,,,
139,19700175086,Drug,,,,,,,,,,,,,,,,,
140,14137,Journal for healthcare quality : official publication of the National Association for Healthcare Quality,journal,19451474,,,,,,,,,,,,,,,
141,29075,Cambridge Quarterly of Healthcare Ethics,journal,9631801,,,,,,,,,,,,,,,
142,21100268079,Journal of Cancer Policy,journal,22135383,0,,,,,,,,,,,,,,
143,20125,Journal of Population Therapeutics and Clinical Pharmacology,journal,1198581X,,,,,,,,,,,,,,,
144,14167,Journal of Healthcare Management,journal,19447396,,,,,,,,,,,,,,,
145,14757,International Journal of Health Care Quality Assurance,journal,9526862,0,,,,,,,,,,,,,,
146,15920,Journal of Health Management,journal,9720634,,,,,,,,,,,,,,,
147,14892,International Journal of Mental Health,journal,207411,,,,,,,,,,,,,,,
148,13380,Health Services Management Research,journal,17581044,,,,,,,,,,,,,,,
149,21100413740,International Journal of Care Coordination,journal,20534353,,,,,,,,,,,,,,,
150,13377,Health Services and Outcomes Research Methodology,journal,13873741,,,,,,,,,,,,,,,
151,17022,Perspectives in Biology and Medicine,journal,15298795,,,,,,,,,,,,,,,
152,18000156701,International Journal of Pharmaceutical and Healthcare Marketing,journal,17506123,0,,,,,,,,,,,,,,
153,13371,HEC Forum,journal,9562737,,,,,,,,,,,,,,,
154,21101020018,International Journal of Care and Caring,journal,2397883X,,,,,,,,,,,,,,,
155,18161,International Journal of Risk and Safety in Medicine,journal,18786847,,,,,,,,,,,,,,,
156,11300153728,Zeitschrift fur Evidenz,,,,,,,,,,,,,,,,,
157,11000153729,Professional Case Management,journal,19328095,,,,,,,,,,,,,,,
158,14847,Quality Management in Health Care,journal,15505154,,,,,,,,,,,,,,,
159,21100199566,Health SA Gesondheid,journal,10259848,,,,,,,,,,,,,,,
160,21100904742,Journal of Health Research,journal,2586940X,,,,,,,,,,,,,,,
161,21100834354,International Journal of Human Rights in Healthcare,journal,20564902,,,,,,,,,,,,,,,
162,21100466891,International Journal of Health Governance,journal,2059464X,,,,,,,,,,,,,,,
163,21100205991,Journal of Mental Health Training,,,,,,,,,,,,,,,,,
164,13220,European Journal of Health Law,journal,9290273,,,,,,,,,,,,,,,
165,11700154364,Alter,journal,18750672,,,,,,,,,,,,,,,
166,21101021862,Health Behavior and Policy Review,journal,23264403,0,,,,,,,,,,,,,,
167,17500155111,Salud Colectiva,journal,16692381,,,,,,,,,,,,,,,
168,13384,Health Care Manager,journal,15255794,,,,,,,,,,,,,,,
169,17109,Linacre quarterly,,,,,,,,,,,,,,,,,
170,21100285419,Expert Opinion on Orphan Drugs,journal,21678707,0,,,,,,,,,,,,,,
171,21100409533,International Journal of Mental Health Promotion,journal,14623730,,,,,,,,,,,,,,,
172,21100254353,New Bioethics,journal,20502877,,,,,,,,,,,,,,,
173,15268,Issues in Law and Medicine,journal,87568160,0,,,,,,,,,,,,,,
174,10600153355,Acta Bioethica,journal,1726569X,,,,,,,,,,,,,,,
175,21100856416,BioLaw Journal,journal,22844503,0,,,,,,,,,,,,,,
176,21100934559,Kesmas,journal,24600601,,,,,,,,,,,,,,,
177,21100881841,Journal of Doctoral Nursing Practice,journal,23809418,,,,,,,,,,,,,,,
178,144919,Ethik in der Medizin,journal,9357335,0,,,,,,,,,,,,,,
179,21100245727,Epidemiology Biostatistics and Public Health,journal,22820930,,,,,,,,,,,,,,,
180,28485,Gesundheitsokonomie und Qualitatsmanagement,journal,14322625,,,,,,,,,,,,,,,
181,16227,Journal of law and medicine,journal,1320159X,0,,,,,,,,,,,,,,
182,14109,Recht und Psychiatrie,journal,7242247,0,,,,,,,,,,,,,,
183,21101039771,Journal of Patient Experience,journal,23743743,,,,,,,,,,,,,,,
184,21100235820,McGill Journal of Law and Health,journal,19204833,,,,,,,,,,,,,,,
185,16175,Medicine and Law,journal,7231393,0,,,,,,,,,,,,,,
