Rank,Sourceid,Title,Type,Issn,SJR,SJR Best Quartile,H index,Total Docs. (2021),Total Docs. (3years),Total Refs.,Total Cites (3years),Citable Docs. (3years),Cites / Doc. (2years),Ref. / Doc.,Country,Region,Publisher,Coverage,Categories
1,21206,Nature,journal,14764687,,,,,,,,,,,,,,,
2,23571,Science,journal,10959203,,,,,,,,,,,,,,,
3,21100457028,Science advances,journal,23752548,4,,,,,,,,,,,,,,
4,21121,Proceedings of the National Academy of Sciences of the United States of America,journal,10916490,,,,,,,,,,,,,,,
5,21100409368,National Science Review,journal,20955138,,,,,,,,,,,,,,,
6,21100405003,Science Bulletin,journal,20959273,,,,,,,,,,,,,,,
7,21100943285,Research,journal,26395274,2,,,,,,,,,,,,,,
8,19700168304,Journal of Advanced Research,journal,20901232,1,,,,,,,,,,,,,,
9,21100907125,iScience,journal,25890042,1,,,,,,,,,,,,,,
10,21100200805,Scientific Reports,journal,20452322,1,,,,,,,,,,,,,,
11,25522,Tsinghua Science and Technology,journal,10070214,1,,,,,,,,,,,,,,
12,23100,Proceedings of the Japan Academy Series B: Physical and Biological Sciences,journal,13492896,,,,,,,,,,,,,,,
13,21100941752,Advanced Theory and Simulations,journal,25130390,0,,,,,,,,,,,,,,
14,22367,Progress in Natural Science: Materials International,journal,10020071,0,,,,,,,,,,,,,,
15,10600153309,PLoS ONE,journal,19326203,0,,,,,,,,,,,,,,
16,21100247071,Science and Technology Studies,journal,22434690,0,,,,,,,,,,,,,,
17,21100446014,Royal Society Open Science,journal,20545703,0,,,,,,,,,,,,,,
18,19700200807,Research in Science and Technological Education,journal,14701138,,,,,,,,,,,,,,,
19,12337,International Journal of Bifurcation and Chaos in Applied Sciences and Engineering,journal,17936551,,,,,,,,,,,,,,,
20,27733,Latin American Research Review,journal,238791,,,,,,,,,,,,,,,
21,28472,Fractals,journal,17936543,,,,,,,,,,,,,,,
22,21100938000,Facets,journal,23711671,0,,,,,,,,,,,,,,
23,21100411756,Heliyon,journal,24058440,0,,,,,,,,,,,,,,
24,86891,Journal of King Saud University - Science,journal,10183647,0,,,,,,,,,,,,,,
25,13951,Arabian Journal for Science and Engineering,journal,21914281,,,,,,,,,,,,,,,
26,25823,Complexity,journal,10762787,,,,,,,,,,,,,,,
27,23030,Journal of the Royal Society of New Zealand,journal,3036758,0,,,,,,,,,,,,,,
28,22447,Journal of the Indian Institute of Science,journal,194964,,,,,,,,,,,,,,,
29,19700173166,Acta Polytechnica Hungarica,journal,17858860,0,,,,,,,,,,,,,,
30,23716,Science,,,,,,,,,,,,,,,,,
31,18659,Anais da Academia Brasileira de Ciencias,journal,13765,,,,,,,,,,,,,,,
32,1300147101,Foundations of Science,journal,12331821,0,,,,,,,,,,,,,,
33,83082,Historia Agraria,journal,11391472,0,,,,,,,,,,,,,,
34,18761,Advances in Complex Systems,journal,2195259,0,,,,,,,,,,,,,,
35,22251,Pacific Science,journal,15346188,,,,,,,,,,,,,,,
36,23531,Sadhana - Academy Proceedings in Engineering Sciences,journal,9737677,,,,,,,,,,,,,,,
37,23697,Science Progress,journal,20477163,,,,,,,,,,,,,,,
38,19400157273,European Journal of Science and Theology,journal,18410464,,,,,,,,,,,,,,,
39,21100324700,Kuwait Journal of Science,journal,23074108,,,,,,,,,,,,,,,
40,20699,Current Science,journal,113891,0,,,,,,,,,,,,,,
41,19700181256,Constructivist Foundations,journal,1782348X,0,,,,,,,,,,,,,,
42,7700153224,Sains Malaysiana,journal,1266039,0,,,,,,,,,,,,,,
43,22963,Interdisciplinary Science Reviews,journal,3080188,,,,,,,,,,,,,,,
44,21100268424,Journal of Mathematical and Fundamental Sciences,journal,23375760,0,,,,,,,,,,,,,,
45,145331,Brazilian Archives of Biology and Technology,journal,15168913,0,,,,,,,,,,,,,,
46,4000151817,ScienceAsia,journal,15131874,0,,,,,,,,,,,,,,
47,28036,Indian Journal of Pure and Applied Physics,journal,9751041,,,,,,,,,,,,,,,
48,17600155129,Resonance,journal,9718044,,,,,,,,,,,,,,,
49,19900191418,Psychotherapy and Politics International,journal,14769263,,,,,,,,,,,,,,,
50,12634,Early Science and Medicine,journal,13837427,,,,,,,,,,,,,,,
51,5800207374,Journal of the National Science Foundation of Sri Lanka,journal,13914588,0,,,,,,,,,,,,,,
52,31728,Comptes Rendus de L'Academie Bulgare des Sciences,journal,13101331,0,,,,,,,,,,,,,,
53,23649,Journal of Scientific and Industrial Research,journal,9751084,,,,,,,,,,,,,,,
54,19700170618,Maejo International Journal of Science and Technology,journal,19057873,0,,,,,,,,,,,,,,
55,23049,Issues in Science and Technology,journal,7485492,0,,,,,,,,,,,,,,
56,17700155802,Gazi University Journal of Science,journal,13039709,0,,,,,,,,,,,,,,
57,22962,Interciencia,journal,3781844,0,,,,,,,,,,,,,,
58,16100154769,Arabic Sciences and Philosophy,journal,9574239,,,,,,,,,,,,,,,
59,21100372856,Data in Brief,journal,23523409,0,,,,,,,,,,,,,,
60,13883,Caribbean Journal of Science,journal,86452,0,,,,,,,,,,,,,,
61,21100942865,Mindanao Journal of Science and Technology,journal,24493686,,,,,,,,,,,,,,,
62,6500153124,Theology and Science,journal,14746719,,,,,,,,,,,,,,,
63,21100464312,Metode,journal,21749221,,,,,,,,,,,,,,,
64,24197,Scientific American,journal,368733,0,,,,,,,,,,,,,,
65,21753,New Scientist,journal,2624079,0,,,,,,,,,,,,,,
66,21100817622,Studies in Spanish and Latin American Cinemas,journal,20504845,,,,,,,,,,,,,,,
