Rank,Sourceid,Title,Type,Issn,SJR,SJR Quartile,H index,Total Docs. (2021),Total Docs. (3years),Total Refs.,Total Cites (3years),Citable Docs. (3years),Cites / Doc. (2years),Ref. / Doc.,Country,Region,Publisher,Coverage,Categories
1,12066,Journal of the American Medical Directors Association,journal,15258610,,,,,,,,,,,,,,,
2,21100854855,Clinical and Translational Immunology,journal,20500068,1,,,,,,,,,,,,,,
3,16790,Journal of Pain and Symptom Management,journal,18736513,,,,,,,,,,,,,,,
4,28137,International Journal of Nursing Studies,journal,1873491X,,,,,,,,,,,,,,,
5,28806,Nurse Education Today,journal,15322793,,,,,,,,,,,,,,,
6,28237,Journal of Nursing Scholarship,journal,15475069,,,,,,,,,,,,,,,
7,15989,Journal of Palliative Medicine,journal,10966218,,,,,,,,,,,,,,,
8,19700174999,Patient,journal,11781653,,,,,,,,,,,,,,,
9,12100156705,Clinical Simulation in Nursing,journal,18761399,0,,,,,,,,,,,,,,
10,28142,International Nursing Review,journal,14667657,,,,,,,,,,,,,,,
11,28191,Journal of Clinical Nursing,journal,13652702,,,,,,,,,,,,,,,
12,500147002,Worldviews on Evidence-Based Nursing,journal,1545102X,,,,,,,,,,,,,,,
13,28805,Nurse Education in Practice,journal,18735223,,,,,,,,,,,,,,,
14,28186,Journal of Advanced Nursing,journal,3092402,,,,,,,,,,,,,,,
15,28252,Journal of School Nursing,journal,10598405,,,,,,,,,,,,,,,
16,27339,Journal of Religion and Health,journal,15736571,,,,,,,,,,,,,,,
17,21100469749,International Journal of Nursing Sciences,journal,23520132,0,,,,,,,,,,,,,,
18,29253,Nursing Outlook,journal,15283968,,,,,,,,,,,,,,,
19,4000151904,Palliative and Supportive Care,journal,14789523,,,,,,,,,,,,,,,
20,26619,Symbolic Interaction,journal,15338665,,,,,,,,,,,,,,,
21,28249,Journal of Professional Nursing,journal,15328481,,,,,,,,,,,,,,,
22,28254,Journal of Transcultural Nursing,journal,10436596,,,,,,,,,,,,,,,
23,70505,Journal of Nursing Education,journal,1484834,0,,,,,,,,,,,,,,
24,27155,BMC Nursing,journal,14726955,0,,,,,,,,,,,,,,
25,19700175822,Journal of Multidisciplinary Healthcare,journal,11782390,0,,,,,,,,,,,,,,
26,29259,Nursing Research,journal,15389847,,,,,,,,,,,,,,,
27,21100466874,Infection,,,,,,,,,,,,,,,,,
28,10600153312,Asian Nursing Research,journal,20937482,,,,,,,,,,,,,,,
29,12400154722,Informatics for Health and Social Care,journal,17538157,0,,,,,,,,,,,,,,
30,28837,Nursing Forum,journal,17446198,,,,,,,,,,,,,,,
31,40042,Research in Nursing and Health,journal,1098240X,,,,,,,,,,,,,,,
32,29553,Journal of Gerontological Social Work,journal,15404048,,,,,,,,,,,,,,,
33,27749,International Journal of Nursing Practice,journal,13227114,,,,,,,,,,,,,,,
34,27605,Collegian,journal,13227696,0,,,,,,,,,,,,,,
35,28208,Journal of Holistic Nursing,journal,15525724,,,,,,,,,,,,,,,
36,27122,Applied Nursing Research,journal,15328201,,,,,,,,,,,,,,,
37,28845,Nursing Inquiry,journal,13207881,,,,,,,,,,,,,,,
38,28236,Journal of nursing research : JNR,,,,,,,,,,,,,,,,,
39,30034,Western Journal of Nursing Research,journal,15528456,,,,,,,,,,,,,,,
40,27072,Advances in Nursing Science,journal,1619268,,,,,,,,,,,,,,,
41,28826,Nursing and Health Sciences,journal,14422018,,,,,,,,,,,,,,,
42,21317,Health Promotion Practice,journal,15248399,0,,,,,,,,,,,,,,
43,21100854887,Nursing Open,journal,20541058,0,,,,,,,,,,,,,,
44,29368,Public Health Nursing,journal,7371209,,,,,,,,,,,,,,,
45,23603,CIN - Computers Informatics Nursing,journal,15382931,,,,,,,,,,,,,,,
46,28812,Nurse Educator,journal,15389855,,,,,,,,,,,,,,,
47,28835,Nursing Education Perspectives,journal,15365026,0,,,,,,,,,,,,,,
48,12299,Journal of wound care,journal,20522916,,,,,,,,,,,,,,,
49,27599,Clinical Nursing Research,journal,10547738,,,,,,,,,,,,,,,
50,19600161811,Research in gerontological nursing,journal,19382464,,,,,,,,,,,,,,,
51,21100200604,Workplace Health and Safety,journal,21650969,,,,,,,,,,,,,,,
52,29389,Revista Latino-Americana de Enfermagem,journal,1041169,0,,,,,,,,,,,,,,
53,21100872348,Ocular Oncology and Pathology,journal,22964681,,,,,,,,,,,,,,,
54,27626,Contemporary Nurse,journal,10376178,0,,,,,,,,,,,,,,
55,28225,Journal of Nursing Care Quality,journal,10573631,,,,,,,,,,,,,,,
56,21100853546,Global Qualitative Nursing Research,journal,23333936,0,,,,,,,,,,,,,,
57,27186,Canadian Journal of Nursing Research,journal,8445621,0,,,,,,,,,,,,,,
58,28204,Journal of Continuing Education in Nursing,journal,220124,,,,,,,,,,,,,,,
59,29552,Journal of Gerontological Nursing,journal,1938243X,,,,,,,,,,,,,,,
60,5000158307,Musculoskeletal Care,journal,14782189,0,,,,,,,,,,,,,,
61,29380,Rehabilitation Nursing,journal,2784807,0,,,,,,,,,,,,,,
62,17831,Medical History,journal,20488343,,,,,,,,,,,,,,,
63,28828,Nursing Clinics of North America,journal,296465,,,,,,,,,,,,,,,
64,5300152704,Journal of Forensic Nursing,journal,15563693,0,,,,,,,,,,,,,,
65,4000148707,Explore: The Journal of Science and Healing,journal,18787541,,,,,,,,,,,,,,,
66,21100898964,Iranian Journal of Nursing and Midwifery Research,journal,17359066,,,,,,,,,,,,,,,
67,21100415927,Journal of Nursing Regulation,journal,21558264,,,,,,,,,,,,,,,
68,21100924251,SAGE Open Nursing,journal,23779608,0,,,,,,,,,,,,,,
69,21100285052,Journal of the American Association of Nurse Practitioners,journal,23276886,,,,,,,,,,,,,,,
70,29262,Nursing Science Quarterly,journal,15527409,,,,,,,,,,,,,,,
71,21100916528,Wound Management and Prevention,journal,26405237,,,,,,,,,,,,,,,
72,27138,Assistenza Infermieristica e Ricerca,journal,15925986,0,,,,,,,,,,,,,,
73,28250,Journal of Psychosocial Nursing and Mental Health Services,journal,2793695,0,,,,,,,,,,,,,,
74,15800154702,Journal of Korean Academy of Nursing,journal,20053673,,,,,,,,,,,,,,,
75,13062,Progress in Palliative Care,journal,9699260,,,,,,,,,,,,,,,
76,29385,Revista brasileira de enfermagem,journal,347167,0,,,,,,,,,,,,,,
77,27140,Australian Journal of Advanced Nursing,journal,14474328,,,,,,,,,,,,,,,
78,29344,Pflege,journal,10125302,0,,,,,,,,,,,,,,
79,30008,Revista da Escola de Enfermagem da U S P,journal,806234,0,,,,,,,,,,,,,,
80,7200153125,Enfermeria Clinica,journal,11308621,,,,,,,,,,,,,,,
81,28211,Journal of Infusion Nursing,journal,15331458,0,,,,,,,,,,,,,,
82,21100896370,Pacific Rim International Journal of Nursing Research,journal,19068107,,,,,,,,,,,,,,,
83,27627,Creative nursing,journal,10784535,0,,,,,,,,,,,,,,
84,28717,Bulletin of the History of Medicine,journal,10863176,,,,,,,,,,,,,,,
85,28234,Journal of Nursing Measurement,journal,19457049,,,,,,,,,,,,,,,
86,27115,American Journal of Nursing,journal,0002936X,,,,,,,,,,,,,,,
87,21100407608,Cultura de los Cuidados,journal,11381728,,,,,,,,,,,,,,,
88,21101005205,Nursing Research and Practice,journal,20901429,,,,,,,,,,,,,,,
89,21100881841,Journal of Doctoral Nursing Practice,journal,23809418,,,,,,,,,,,,,,,
90,21101041424,Belitung Nursing Journal,journal,24774073,0,,,,,,,,,,,,,,
91,28814,Nurse Practitioner,journal,3611817,,,,,,,,,,,,,,,
92,4700152791,Point of Care,journal,15330303,,,,,,,,,,,,,,,
93,19700175090,Rawal Medical Journal,journal,3035212,0,,,,,,,,,,,,,,
94,28838,Nursing History Review,journal,10628061,0,,,,,,,,,,,,,,
