Rank,Sourceid,Title,Type,Issn,SJR,SJR Best Quartile,H index,Total Docs. (2021),Total Docs. (3years),Total Refs.,Total Cites (3years),Citable Docs. (3years),Cites / Doc. (2years),Ref. / Doc.,Country,Region,Publisher,Coverage,Categories
1,20425,Nature Reviews Drug Discovery,journal,14741784,,,,,,,,,,,,,,,
2,21191,Pharmacological Reviews,journal,15210081,,,,,,,,,,,,,,,
3,19479,Annual Review of Pharmacology and Toxicology,journal,15454304,,,,,,,,,,,,,,,
4,4700152457,Nano Today,journal,17480132,3,,,,,,,,,,,,,,
5,12611,Drug Resistance Updates,journal,13687646,,,,,,,,,,,,,,,
6,21100466864,Journal for ImmunoTherapy of Cancer,journal,20511426,3,,,,,,,,,,,,,,
7,22321,Trends in Pharmacological Sciences,journal,18733735,,,,,,,,,,,,,,,
8,21100232818,Emerging Microbes and Infections,journal,22221751,3,,,,,,,,,,,,,,
9,21195,Pharmacology and Therapeutics,journal,1879016X,,,,,,,,,,,,,,,
10,12455,Molecular Therapy,journal,15250024,,,,,,,,,,,,,,,
11,21100850730,npj Vaccines,journal,20590105,2,,,,,,,,,,,,,,
12,19409,Advanced Drug Delivery Reviews,journal,0169409X,,,,,,,,,,,,,,,
13,26371,Natural Product Reports,journal,2650568,,,,,,,,,,,,,,,
14,21100456838,Cell Chemical Biology,journal,24519448,,,,,,,,,,,,,,,
15,19600166320,Protein and Cell,journal,16748018,,,,,,,,,,,,,,,
16,13903,Cellular and Molecular Life Sciences,journal,1420682X,,,,,,,,,,,,,,,
17,19907,Medicinal Research Reviews,journal,1986325,,,,,,,,,,,,,,,
18,18017,Neuropsychopharmacology,journal,0893133X,,,,,,,,,,,,,,,
19,19617,Antiviral Research,journal,1663542,,,,,,,,,,,,,,,
20,20700195026,Acta Pharmaceutica Sinica B,journal,22113843,,,,,,,,,,,,,,,
21,18148,Pain,journal,18726623,,,,,,,,,,,,,,,
22,21100207003,Theranostics,journal,18387640,2,,,,,,,,,,,,,,
23,21100225611,Advanced healthcare materials,journal,21922640,,,,,,,,,,,,,,,
24,20084,British Journal of Pharmacology,journal,14765381,,,,,,,,,,,,,,,
25,23916,Environmental Pollution,journal,2697491,,,,,,,,,,,,,,,
26,23041,Journal of Medicinal Chemistry,journal,222623,,,,,,,,,,,,,,,
27,21100218543,Molecular Therapy - Nucleic Acids,journal,21622531,1,,,,,,,,,,,,,,
28,23010,Journal of Controlled Release,journal,18734995,,,,,,,,,,,,,,,
29,21169,Pharmacological Research,journal,10436618,,,,,,,,,,,,,,,
30,5100155080,Neurotherapeutics,journal,19337213,1,,,,,,,,,,,,,,
31,14990,Current Neuropharmacology,journal,18756190,,,,,,,,,,,,,,,
32,20626,Clinical Pharmacology and Therapeutics,journal,15326535,,,,,,,,,,,,,,,
33,20783,Expert Review of Vaccines,journal,14760584,,,,,,,,,,,,,,,
34,21101018849,ACS Pharmacology and Translational Science,journal,25759108,1,,,,,,,,,,,,,,
35,25152,Journal of Toxicology and Environmental Health - Part B: Critical Reviews,journal,10937404,,,,,,,,,,,,,,,
36,19900193739,Nucleic Acid Therapeutics,journal,21593345,,,,,,,,,,,,,,,
37,16088,Journal of Nanobiotechnology,journal,14773155,1,,,,,,,,,,,,,,
38,144771,Clinical Trials,journal,17407753,,,,,,,,,,,,,,,
39,19615,Antimicrobial Agents and Chemotherapy,journal,10986596,,,,,,,,,,,,,,,
40,20051,BioDrugs,journal,11738804,,,,,,,,,,,,,,,
41,22418,Journal of Antimicrobial Chemotherapy,journal,3057453,,,,,,,,,,,,,,,
42,19403,Acta Pharmacologica Sinica,journal,16714083,,,,,,,,,,,,,,,
43,21100981214,Bioengineering and Translational Medicine,journal,23806761,1,,,,,,,,,,,,,,
44,21196,Drug Discovery Today,journal,18785832,,,,,,,,,,,,,,,
45,145164,Human Genomics,journal,14739542,,,,,,,,,,,,,,,
46,11900154404,PLoS Neglected Tropical Diseases,journal,19352727,,,,,,,,,,,,,,,
47,19700174913,Therapeutic Advances in Neurological Disorders,journal,17562864,,,,,,,,,,,,,,,
48,21354,Expert Opinion on Therapeutic Targets,journal,14728222,,,,,,,,,,,,,,,
49,26380,Drug and Alcohol Dependence,journal,3768716,1,,,,,,,,,,,,,,
50,4400151524,Particle and Fibre Toxicology,journal,17438977,1,,,,,,,,,,,,,,
51,22452,International Journal of Neuropsychopharmacology,journal,14611457,,,,,,,,,,,,,,,
52,19900192116,Journal of Pharmaceutical Analysis,journal,20951779,1,,,,,,,,,,,,,,
53,21100875801,npj Systems Biology and Applications,journal,20567189,1,,,,,,,,,,,,,,
54,4700152872,Journal of NeuroImmune Pharmacology,journal,15571890,,,,,,,,,,,,,,,
55,24763,Addictive Behaviors,journal,3064603,1,,,,,,,,,,,,,,
56,21767,Progress in Neuro-Psychopharmacology and Biological Psychiatry,journal,18784216,,,,,,,,,,,,,,,
57,11700154316,CNS Neuroscience and Therapeutics,journal,17555949,,,,,,,,,,,,,,,
58,22410,Inflammation Research,journal,1420908X,,,,,,,,,,,,,,,
59,15576,European Neuropsychopharmacology,journal,0924977X,,,,,,,,,,,,,,,
60,20435,Neuropharmacology,journal,283908,,,,,,,,,,,,,,,
61,21165,PharmacoEconomics,journal,11707690,,,,,,,,,,,,,,,
62,22378,Vascular Pharmacology,journal,18793649,,,,,,,,,,,,,,,
63,15984,Journal of Molecular Medicine,journal,9462716,,,,,,,,,,,,,,,
64,20681,Current Opinion in Pharmacology,journal,14714973,,,,,,,,,,,,,,,
65,20624,Clinical Pharmacokinetics,journal,11791926,,,,,,,,,,,,,,,
66,19963,Molecular Pharmacology,journal,15210111,,,,,,,,,,,,,,,
67,21237,Drug Safety,journal,1145916,,,,,,,,,,,,,,,
68,20063,Biochemical Pharmacology,journal,18732968,,,,,,,,,,,,,,,
69,4400151701,Journal of Exposure Science and Environmental Epidemiology,journal,1559064X,,,,,,,,,,,,,,,
70,28620,Biomedicine and Pharmacotherapy,journal,7533322,1,,,,,,,,,,,,,,
71,16876,Bioconjugate Chemistry,journal,15204812,,,,,,,,,,,,,,,
72,24749,Addiction Biology,journal,13556215,,,,,,,,,,,,,,,
73,110112,Journal of Immunotherapy,journal,15249557,,,,,,,,,,,,,,,
74,21351,Expert Opinion on Investigational Drugs,journal,13543784,,,,,,,,,,,,,,,
75,19700175119,Asian Journal of Pharmaceutical Sciences,journal,18180876,,,,,,,,,,,,,,,
76,19700174918,Clinical and Translational Science,journal,17528062,,,,,,,,,,,,,,,
77,19700201201,EPMA Journal,journal,18785077,,,,,,,,,,,,,,,
78,21100214102,Frontiers in Pharmacology,journal,16639812,1,,,,,,,,,,,,,,
79,21100932762,Advanced Therapeutics,journal,23663987,1,,,,,,,,,,,,,,
80,20473,Life Sciences,journal,18790631,,,,,,,,,,,,,,,
81,24661,Critical Reviews in Toxicology,journal,15476898,,,,,,,,,,,,,,,
82,10900153302,Biomarker Insights,journal,11772719,1,,,,,,,,,,,,,,
83,21782,Psychopharmacology,journal,333158,,,,,,,,,,,,,,,
84,24604,Archives of Toxicology,journal,14320738,,,,,,,,,,,,,,,
85,20770,Drug Delivery,journal,10717544,,,,,,,,,,,,,,,
86,21100200427,Human Vaccines and Immunotherapeutics,journal,21645515,,,,,,,,,,,,,,,
87,21353,Expert Opinion on Therapeutic Patents,journal,13543776,,,,,,,,,,,,,,,
88,84948,Expert Opinion on Drug Delivery,journal,17425247,1,,,,,,,,,,,,,,
89,22432,International Immunopharmacology,journal,18781705,,,,,,,,,,,,,,,
90,26767,Altex,journal,1868596X,,,,,,,,,,,,,,,
91,20082,British Journal of Clinical Pharmacology,journal,13652125,,,,,,,,,,,,,,,
92,17464,European Journal of Medicinal Chemistry,journal,2235234,,,,,,,,,,,,,,,
93,24791,Alcoholism: Clinical and Experimental Research,journal,1456008,,,,,,,,,,,,,,,
94,16573,Phytotherapy Research,journal,10991573,,,,,,,,,,,,,,,
95,25218,Toxicological Sciences,journal,10960929,,,,,,,,,,,,,,,
96,7700153108,International Journal of Nanomedicine,journal,11782013,,,,,,,,,,,,,,,
97,6800153101,Expert Opinion on Drug Discovery,journal,1746045X,,,,,,,,,,,,,,,
98,4000149101,Nanomedicine: Nanotechnology,,,,,,,,,,,,,,,,,
99,20578,Journal of Food and Drug Analysis,journal,10219498,1,,,,,,,,,,,,,,
100,18403,Apoptosis : an international journal on programmed cell death,journal,13608185,,,,,,,,,,,,,,,
101,23109,Journal of Psychopharmacology,journal,14617285,,,,,,,,,,,,,,,
102,4200151509,Molecular Diagnosis and Therapy,journal,11771062,1,,,,,,,,,,,,,,
103,21100335701,Vaccines,journal,2076393X,1,,,,,,,,,,,,,,
104,13250,Expert Opinion on Biological Therapy,journal,14712598,,,,,,,,,,,,,,,
105,22454,International Journal of Pharmaceutics,journal,18733476,,,,,,,,,,,,,,,
106,7000153203,Journal of Studies on Alcohol and Drugs,journal,19371888,,,,,,,,,,,,,,,
107,12584,Drug Metabolism Reviews,journal,10979883,,,,,,,,,,,,,,,
108,17067,Phytomedicine,journal,9447113,,,,,,,,,,,,,,,
109,21350,Expert Opinion on Emerging Drugs,journal,14728214,,,,,,,,,,,,,,,
110,18800156730,Biomolecules and Therapeutics,journal,19769148,,,,,,,,,,,,,,,
111,22477,Investigational New Drugs,journal,1676997,,,,,,,,,,,,,,,
112,21100804457,Current Opinion in Toxicology,journal,24682020,0,,,,,,,,,,,,,,
113,23086,Journal of Pharmacology and Experimental Therapeutics,journal,15210103,,,,,,,,,,,,,,,
114,19700175015,Infection and Drug Resistance,journal,11786973,0,,,,,,,,,,,,,,
115,130126,Molecular Pharmaceutics,journal,15438384,,,,,,,,,,,,,,,
116,19958,Archives of Pharmacal Research,journal,19763786,,,,,,,,,,,,,,,
117,21333,European Journal of Pharmacology,journal,142999,,,,,,,,,,,,,,,
118,21226,Drug Metabolism and Disposition,journal,909556,,,,,,,,,,,,,,,
119,10300153301,Expert Review of Clinical Pharmacology,journal,17512433,,,,,,,,,,,,,,,
120,21100197941,International Journal for Parasitology: Drugs and Drug Resistance,journal,22113207,0,,,,,,,,,,,,,,
121,19700188360,Pharmaceutics,journal,19994923,0,,,,,,,,,,,,,,
122,19700173005,Cancer Nanotechnology,journal,18686958,,,,,,,,,,,,,,,
123,4700152856,Expert Opinion on Drug Metabolism and Toxicology,journal,17425255,0,,,,,,,,,,,,,,
124,21100892509,Cannabis and Cannabinoid Research,journal,23788763,0,,,,,,,,,,,,,,
125,21101022494,Journal of Cardiovascular Development and Disease,journal,23083425,0,,,,,,,,,,,,,,
126,28792,Cancer Biology and Therapy,journal,15384047,,,,,,,,,,,,,,,
127,21100241807,Artificial Cells,,,,,,,,,,,,,,,,,
128,19700188352,Toxins,journal,20726651,0,,,,,,,,,,,,,,
129,19700174958,Drug Testing and Analysis,journal,19427611,,,,,,,,,,,,,,,
130,16319,IEEE Transactions on Nanobioscience,journal,15361241,,,,,,,,,,,,,,,
131,19700177127,ACS Medicinal Chemistry Letters,journal,19485875,0,,,,,,,,,,,,,,
132,5400152706,Nanotoxicology,journal,17435390,,,,,,,,,,,,,,,
133,25095,Environmental Toxicology and Pharmacology,journal,13826689,0,,,,,,,,,,,,,,
134,23053,Journal of Natural Products,journal,1633864,,,,,,,,,,,,,,,
135,22552,Cardiovascular Drugs and Therapy,journal,15737241,,,,,,,,,,,,,,,
136,34645,Skin Pharmacology and Physiology,journal,16605527,,,,,,,,,,,,,,,
137,21197,Pharmacology Biochemistry and Behavior,journal,913057,,,,,,,,,,,,,,,
138,24652,Chemico-Biological Interactions,journal,92797,0,,,,,,,,,,,,,,
139,21332,European Journal of Pharmaceutics and Biopharmaceutics,journal,18733441,,,,,,,,,,,,,,,
140,14144,Experimental and Clinical Psychopharmacology,journal,19362293,,,,,,,,,,,,,,,
141,17700156714,Pharmaceuticals,journal,14248247,0,,,,,,,,,,,,,,
142,21100825823,Pharmacology Research and Perspectives,journal,20521707,0,,,,,,,,,,,,,,
143,29097,Cancer Chemotherapy and Pharmacology,journal,14320843,,,,,,,,,,,,,,,
144,21790,Antiviral Therapy,journal,20402058,,,,,,,,,,,,,,,
145,6400153120,Chinese Medicine,journal,17498546,0,,,,,,,,,,,,,,
146,21100896684,International Journal of Pharmaceutics: X,journal,25901567,0,,,,,,,,,,,,,,
147,29712,Clinical Therapeutics,journal,1879114X,,,,,,,,,,,,,,,
148,25222,Toxicology and Applied Pharmacology,journal,10960333,,,,,,,,,,,,,,,
149,25096,Food and Chemical Toxicology,journal,18736351,,,,,,,,,,,,,,,
150,19700182043,Drug Delivery and Translational Research,journal,21903948,,,,,,,,,,,,,,,
151,21100367469,Toxicology Reports,journal,22147500,0,,,,,,,,,,,,,,
152,19444,American Journal of Pharmaceutical Education,journal,15536467,,,,,,,,,,,,,,,
153,18073,NeuroToxicology,journal,18729711,,,,,,,,,,,,,,,
154,25240,Toxicology Letters,journal,3784274,,,,,,,,,,,,,,,
155,23015,Journal of Ethnopharmacology,journal,3788741,,,,,,,,,,,,,,,
156,24626,Cell Biology and Toxicology,journal,15736822,,,,,,,,,,,,,,,
157,23488,Current Medicinal Chemistry,journal,9298673,,,,,,,,,,,,,,,
158,21100830708,Toxics,journal,23056304,0,,,,,,,,,,,,,,
159,110174,Prostaglandins and Other Lipid Mediators,journal,10988823,0,,,,,,,,,,,,,,
160,144790,Marine Drugs,journal,16603397,0,,,,,,,,,,,,,,
161,23014,Journal of Drug Targeting,journal,10292330,,,,,,,,,,,,,,,
162,21100469670,Antibiotics,journal,20796382,0,,,,,,,,,,,,,,
163,19700175785,Open Access Journal of Clinical Trials,journal,11791519,0,,,,,,,,,,,,,,
164,19700175230,Drug Design,,,,,,,,,,,,,,,,,
165,25219,Toxicology,journal,0300483X,,,,,,,,,,,,,,,
166,21124,Pharmaceutical Statistics,journal,15391612,,,,,,,,,,,,,,,
167,22411,Inflammopharmacology,journal,9254692,,,,,,,,,,,,,,,
168,3200147837,Journal of Exercise Science and Fitness,journal,1728869X,0,,,,,,,,,,,,,,
169,3500148011,Journal of Zhejiang University: Science B,journal,16731581,0,,,,,,,,,,,,,,
170,14500154702,Journal of Cardiovascular Translational Research,journal,19375395,,,,,,,,,,,,,,,
171,21168,Pharmacogenomics Journal,journal,1470269X,,,,,,,,,,,,,,,
172,24619,Journal of Computer-Aided Molecular Design,journal,15734951,,,,,,,,,,,,,,,
173,4700152903,Forensic Toxicology,journal,18608965,,,,,,,,,,,,,,,
174,17605,Journal of Enzyme Inhibition and Medicinal Chemistry,journal,14756374,,,,,,,,,,,,,,,
175,4000148019,AAPS Journal,journal,15507416,0,,,,,,,,,,,,,,
176,21100446418,Contemporary Clinical Trials Communications,journal,24518654,0,,,,,,,,,,,,,,
177,20047,Basic and Clinical Pharmacology and Toxicology,journal,17427843,,,,,,,,,,,,,,,
178,20570,Chemotherapy,journal,93157,,,,,,,,,,,,,,,
179,24786,Alcohol and Alcoholism,journal,7350414,,,,,,,,,,,,,,,
180,21100811517,Birth Defects Research,journal,24721727,0,,,,,,,,,,,,,,
181,24649,Chemical Research in Toxicology,journal,15205010,,,,,,,,,,,,,,,
182,4400151608,ChemMedChem,journal,18607187,,,,,,,,,,,,,,,
183,21352,Expert Opinion on Pharmacotherapy,journal,17447666,,,,,,,,,,,,,,,
184,25125,Journal of Analytical Toxicology,journal,19452403,,,,,,,,,,,,,,,
185,18071,Neurotoxicity Research,journal,14763524,,,,,,,,,,,,,,,
186,29311,Current Cancer Drug Targets,journal,15680096,,,,,,,,,,,,,,,
187,21326,European Journal of Clinical Pharmacology,journal,316970,,,,,,,,,,,,,,,
188,21331,European Journal of Pharmaceutical Sciences,journal,18790720,,,,,,,,,,,,,,,
189,19600166302,Current Molecular Pharmacology,journal,18744702,0,,,,,,,,,,,,,,
190,25789,Bioorganic Chemistry,journal,452068,,,,,,,,,,,,,,,
191,11900154314,Cardiovascular Therapeutics,journal,17555914,,,,,,,,,,,,,,,
192,9000153111,Comparative Biochemistry and Physiology Part - C: Toxicology and Pharmacology,journal,15320456,,,,,,,,,,,,,,,
193,21100220486,Journal of Pharmaceutical Investigation,journal,20935552,,,,,,,,,,,,,,,
194,19700175023,Journal of Toxicology,journal,16878205,,,,,,,,,,,,,,,
195,23085,Journal of Pharmacological Sciences,journal,13478648,,,,,,,,,,,,,,,
196,21100977423,RSC Medicinal Chemistry,journal,26328682,0,,,,,,,,,,,,,,
197,25126,Journal of Applied Toxicology,journal,10991263,,,,,,,,,,,,,,,
198,21100209501,Statistics in Biopharmaceutical Research,journal,19466315,0,,,,,,,,,,,,,,
199,19700170617,EXCLI Journal,journal,16112156,0,,,,,,,,,,,,,,
200,26370,Molecules,journal,14203049,0,,,,,,,,,,,,,,
201,4700152848,PPAR Research,journal,16874757,,,,,,,,,,,,,,,
202,24603,Archives of Environmental Contamination and Toxicology,journal,14320703,,,,,,,,,,,,,,,
203,26568,International Journal of Cosmetic Science,journal,1425463,,,,,,,,,,,,,,,
204,11700154735,Journal of Aerosol Medicine and Pulmonary Drug Delivery,journal,19412703,,,,,,,,,,,,,,,
205,21100370879,"Journal of managed care &amp, specialty pharmacy",journal,23761032,,,,,,,,,,,,,,,
206,25176,Regulatory Toxicology and Pharmacology,journal,2732300,,,,,,,,,,,,,,,
207,22981,Journal of Cardiovascular Pharmacology,journal,15334023,,,,,,,,,,,,,,,
208,25224,Toxicology in Vitro,journal,18793177,,,,,,,,,,,,,,,
209,25093,Environmental Toxicology,journal,15227278,,,,,,,,,,,,,,,
210,16067,Reading Teacher,journal,340561,0,,,,,,,,,,,,,,
211,22204,Journal of Drug Delivery Science and Technology,journal,17732247,,,,,,,,,,,,,,,
212,22983,Journal of Clinical Pharmacology,journal,15524604,,,,,,,,,,,,,,,
213,19700174905,Diabetes,,,,,,,,,,,,,,,,,
214,22982,Journal of Cardiovascular Pharmacology and Therapeutics,journal,10742484,,,,,,,,,,,,,,,
215,19700175029,Pharmacogenomics and Personalized Medicine,journal,11787066,0,,,,,,,,,,,,,,
216,21100238633,BioImpacts,journal,22285652,,,,,,,,,,,,,,,
217,21100444313,Sustainable Chemistry and Pharmacy,journal,23525541,0,,,,,,,,,,,,,,
218,4000148406,Clinical Toxicology,journal,15569519,,,,,,,,,,,,,,,
219,23035,Journal of Biopharmaceutical Statistics,journal,10543406,,,,,,,,,,,,,,,
220,23039,Journal of Liposome Research,journal,8982104,,,,,,,,,,,,,,,
221,24028,Reproductive Toxicology,journal,8906238,,,,,,,,,,,,,,,
222,21100325142,Journal of Pharmaceutical Policy and Practice,journal,20523211,0,,,,,,,,,,,,,,
223,4700151922,Research in Social and Administrative Pharmacy,journal,15517411,0,,,,,,,,,,,,,,
224,23155,Current Vascular Pharmacology,journal,15701611,,,,,,,,,,,,,,,
225,21264,Drugs in R and D,journal,11796901,,,,,,,,,,,,,,,
226,18075,Neurotoxicology and Teratology,journal,8920362,,,,,,,,,,,,,,,
227,21082,Pharmaceutical Biology,journal,13880209,,,,,,,,,,,,,,,
228,21123,Pharmaceutical Research,journal,7248741,,,,,,,,,,,,,,,
229,23061,Journal of Pharmaceutical and Biomedical Analysis,journal,7317085,,,,,,,,,,,,,,,
230,21100232413,Advanced Pharmaceutical Bulletin,journal,22517308,,,,,,,,,,,,,,,
231,22072,Current Gene Therapy,journal,18755631,,,,,,,,,,,,,,,
232,20664,Current Drug Targets,journal,18735592,,,,,,,,,,,,,,,
233,19700174974,Future Medicinal Chemistry,journal,17568919,,,,,,,,,,,,,,,
234,19034,Microbial Drug Resistance,journal,10766294,,,,,,,,,,,,,,,
235,18966,Mutagenesis,journal,2678357,,,,,,,,,,,,,,,
236,23102,Journal of Pharmacy and Pharmacology,journal,20427158,,,,,,,,,,,,,,,
237,23479,Journal of Physiology and Pharmacology,journal,8675910,,,,,,,,,,,,,,,
238,20634,Journal of Texture Studies,journal,224901,,,,,,,,,,,,,,,
239,22372,Immunopharmacology and Immunotoxicology,journal,15322513,,,,,,,,,,,,,,,
240,19700175819,Patient Preference and Adherence,journal,1177889X,0,,,,,,,,,,,,,,
241,5800173385,Recent Patents on Anti-Cancer Drug Discovery,journal,15748928,0,,,,,,,,,,,,,,
242,25214,Toxicologic Pathology,journal,15331601,,,,,,,,,,,,,,,
243,12331,Current Topics in Medicinal Chemistry,journal,15680266,,,,,,,,,,,,,,,
244,23079,Journal of Pharmaceutical Sciences,journal,15206017,,,,,,,,,,,,,,,
245,130063,Pharmacological Reports,journal,17341140,0,,,,,,,,,,,,,,
246,25075,Ecotoxicology,journal,9639292,,,,,,,,,,,,,,,
247,20663,Current Drug Metabolism,journal,18755453,,,,,,,,,,,,,,,
248,19400157146,Food Additives and Contaminants: Part B Surveillance,journal,19393210,,,,,,,,,,,,,,,
249,18922,Journal of Gene Medicine,journal,1099498X,,,,,,,,,,,,,,,
250,25151,Journal of Toxicology and Environmental Health - Part A: Current Issues,journal,10872620,,,,,,,,,,,,,,,
251,19700178100,Nanotechnology,,,,,,,,,,,,,,,,,
252,19700189100,Pharmaceutical Medicine,journal,11782595,,,,,,,,,,,,,,,
253,19900192900,Molecular Informatics,journal,18681751,,,,,,,,,,,,,,,
254,21100853016,Antibodies,journal,20734468,0,,,,,,,,,,,,,,
255,22205,Saudi Pharmaceutical Journal,journal,13190164,0,,,,,,,,,,,,,,
256,21100924771,Natural Products and Bioprospecting,journal,21922209,,,,,,,,,,,,,,,
257,21100366771,Journal of Applied Research on Medicinal and Aromatic Plants,journal,22147861,0,,,,,,,,,,,,,,
258,21100225613,Human gene therapy methods,journal,19466536,,,,,,,,,,,,,,,
259,25786,Bioorganic and Medicinal Chemistry,journal,14643391,,,,,,,,,,,,,,,
260,24074,Helvetica Chimica Acta,journal,0018019X,,,,,,,,,,,,,,,
261,19374,AAPS PharmSciTech,journal,15309932,0,,,,,,,,,,,,,,
262,13845,Bulletin of Mathematical Biology,journal,928240,,,,,,,,,,,,,,,
263,28794,Cancer Biotherapy and Radiopharmaceuticals,journal,10849785,,,,,,,,,,,,,,,
264,20049,Behavioural Pharmacology,journal,14735849,,,,,,,,,,,,,,,
265,19700175244,Current Radiopharmaceuticals,journal,18744710,,,,,,,,,,,,,,,
266,21100197929,Toxicological Research,journal,19768257,,,,,,,,,,,,,,,
267,23382,Clinical and Experimental Pharmacology and Physiology,journal,14401681,,,,,,,,,,,,,,,
268,14487,Journal of Ocular Pharmacology and Therapeutics,journal,15577732,,,,,,,,,,,,,,,
269,18500157900,Food Additives and Contaminants - Part A Chemistry,,,,,,,,,,,,,,,,,
270,23081,Journal of Pharmacokinetics and Pharmacodynamics,journal,15738744,,,,,,,,,,,,,,,
271,144956,Drug Metabolism and Pharmacokinetics,journal,13474367,0,,,,,,,,,,,,,,
272,21744,Planta Medica,journal,14390221,,,,,,,,,,,,,,,
273,20682,Current Pharmaceutical Design,journal,13816128,,,,,,,,,,,,,,,
274,23050,Journal of Microencapsulation,journal,2652048,,,,,,,,,,,,,,,
275,59665,Chinese Journal of Natural Medicines,journal,16723651,0,,,,,,,,,,,,,,
276,18077,Fitoterapia,journal,0367326X,,,,,,,,,,,,,,,
277,16533,Phytochemical Analysis,journal,9580344,,,,,,,,,,,,,,,
278,19600157763,Research in Pharmaceutical Sciences,journal,17355362,,,,,,,,,,,,,,,
279,24785,Alcohol,journal,7418329,0,,,,,,,,,,,,,,
280,21190,Drug Development and Industrial Pharmacy,journal,3639045,,,,,,,,,,,,,,,
281,20427,Naunyn-Schmiedeberg's Archives of Pharmacology,journal,281298,,,,,,,,,,,,,,,
282,4500151530,Personalized Medicine,journal,17410541,0,,,,,,,,,,,,,,
283,22575,Cardiovascular Toxicology,journal,15307905,,,,,,,,,,,,,,,
284,4500151409,CNS and Neurological Disorders - Drug Targets,journal,18715273,0,,,,,,,,,,,,,,
285,24624,Bulletin of Environmental Contamination and Toxicology,journal,74861,,,,,,,,,,,,,,,
286,22299,Therapeutic Drug Monitoring,journal,15363694,,,,,,,,,,,,,,,
287,21100241601,Toxicology Research,journal,2045452X,,,,,,,,,,,,,,,
288,21100241624,International Journal of Genomics,journal,2314436X,,,,,,,,,,,,,,,
289,21192,Drug Development Research,journal,2724391,,,,,,,,,,,,,,,
290,21100829975,Clinical and Experimental Vaccine Research,journal,2287366X,,,,,,,,,,,,,,,
291,15581,Current Pharmaceutical Biotechnology,journal,13892010,,,,,,,,,,,,,,,
292,23089,Journal of Pharmacy and Pharmaceutical Sciences,journal,14821826,0,,,,,,,,,,,,,,
293,22212,Scientia Pharmaceutica,journal,22180532,,,,,,,,,,,,,,,
294,20580,Journal of Food Biochemistry,journal,17454514,,,,,,,,,,,,,,,
295,11000153762,Journal of Immunotoxicology,journal,1547691X,,,,,,,,,,,,,,,
296,15300154846,Journal of Occupational Medicine and Toxicology,journal,17456673,0,,,,,,,,,,,,,,
297,25171,Mycotoxin Research,journal,18671632,,,,,,,,,,,,,,,
298,11300153402,Biomarkers in Medicine,journal,17520363,,,,,,,,,,,,,,,
299,29550,Journal of Biochemical and Molecular Toxicology,journal,10956670,,,,,,,,,,,,,,,
300,19500157042,Currents in Pharmacy Teaching and Learning,journal,18771297,0,,,,,,,,,,,,,,
301,19956,Archiv der Pharmazie,journal,15214184,,,,,,,,,,,,,,,
302,25788,Bioorganic and Medicinal Chemistry Letters,journal,14643405,,,,,,,,,,,,,,,
303,10300153342,Journal of Medical Toxicology,journal,15569039,,,,,,,,,,,,,,,
304,21865,Fundamental and Clinical Pharmacology,journal,7673981,,,,,,,,,,,,,,,
305,25106,Human and Experimental Toxicology,journal,9603271,0,,,,,,,,,,,,,,
306,21100262305,Clinical Pharmacology in Drug Development,journal,21607648,,,,,,,,,,,,,,,
307,21328,European Journal of Drug Metabolism and Pharmacokinetics,journal,21070180,,,,,,,,,,,,,,,
308,21246,International Journal of Immunopathology and Pharmacology,journal,3946320,0,,,,,,,,,,,,,,
309,11700154733,Journal of Biomedical Nanotechnology,journal,15507041,,,,,,,,,,,,,,,
310,28675,Brazilian Journal of Medical and Biological Research,journal,0100879X,,,,,,,,,,,,,,,
311,27210,In Vivo,journal,17917549,,,,,,,,,,,,,,,
312,21100463829,Chinese Journal of Population Resources and Environment,journal,23254262,,,,,,,,,,,,,,,
313,23363,Canadian Journal of Physiology and Pharmacology,journal,84212,,,,,,,,,,,,,,,
314,23007,Journal of Clinical Pharmacy and Therapeutics,journal,13652710,,,,,,,,,,,,,,,
315,19700200821,Therapeutic Delivery,journal,20415990,,,,,,,,,,,,,,,
316,15840,Journal of Antibiotics,journal,218820,,,,,,,,,,,,,,,
317,24797,Mini-Reviews in Medicinal Chemistry,journal,18755607,,,,,,,,,,,,,,,
318,21099,Pharmaceutical Development and Technology,journal,10837450,,,,,,,,,,,,,,,
319,25109,Inhalation Toxicology,journal,8958378,,,,,,,,,,,,,,,
320,25146,Journal of Pharmacological and Toxicological Methods,journal,10568719,0,,,,,,,,,,,,,,
321,26512,Tetrahedron,journal,14645416,,,,,,,,,,,,,,,
322,21100932732,PharmacoEconomics - Open,journal,25094262,,,,,,,,,,,,,,,
323,20064,Biological and Pharmaceutical Bulletin,journal,13475215,,,,,,,,,,,,,,,
324,19700182275,International Journal of Clinical Pharmacy,journal,22107711,,,,,,,,,,,,,,,
325,14805,Steroids,journal,0039128X,,,,,,,,,,,,,,,
326,19700174628,Iranian Journal of Basic Medical Sciences,journal,20083874,,,,,,,,,,,,,,,
327,23173,Korean Journal of Physiology and Pharmacology,journal,20933827,,,,,,,,,,,,,,,
328,21100218055,"BMC pharmacology &amp, toxicology",journal,20506511,0,,,,,,,,,,,,,,
329,22319,Toxicon,journal,18793150,,,,,,,,,,,,,,,
330,18200156702,World Mycotoxin Journal,journal,18750710,,,,,,,,,,,,,,,
331,21100873055,Cosmetics,journal,20799284,0,,,,,,,,,,,,,,
332,21100938253,Environmental Pollutants and Bioavailability,journal,26395940,,,,,,,,,,,,,,,
333,25241,Toxicology Mechanisms and Methods,journal,15376524,,,,,,,,,,,,,,,
334,21100455212,Biomedical Reports,journal,20499434,,,,,,,,,,,,,,,
335,12328,Current Therapeutic Research,journal,0011393X,,,,,,,,,,,,,,,
336,25111,International Journal of Toxicology,journal,10915818,,,,,,,,,,,,,,,
337,110097,Food and Drug Law Journal,journal,1064590X,0,,,,,,,,,,,,,,
338,19443,American Journal of Health-System Pharmacy,journal,10792082,,,,,,,,,,,,,,,
339,15462,Biotechnology and Applied Biochemistry,journal,14708744,,,,,,,,,,,,,,,
340,20659,Critical Reviews in Therapeutic Drug Carrier Systems,journal,7434863,,,,,,,,,,,,,,,
341,145693,Canadian Pharmacists Journal,journal,17151635,0,,,,,,,,,,,,,,
342,24043,Journal of Labelled Compounds and Radiopharmaceuticals,journal,3624803,,,,,,,,,,,,,,,
343,28727,Anti-Cancer Drugs,journal,9594973,,,,,,,,,,,,,,,
344,25129,Journal of Environmental Pathology,,,,,,,,,,,,,,,,,
345,13671,Biologicals,journal,10958320,,,,,,,,,,,,,,,
346,4000150314,Chemical Biology and Drug Design,journal,17470277,0,,,,,,,,,,,,,,
347,130025,Current Drug Delivery,journal,15672018,0,,,,,,,,,,,,,,
348,25149,Journal of Toxicological Sciences,journal,18803989,,,,,,,,,,,,,,,
349,26514,Tetrahedron Letters,journal,404039,,,,,,,,,,,,,,,
350,21167,Pharmacogenomics,journal,14622416,,,,,,,,,,,,,,,
351,23412,Journal of AOAC International,journal,10603271,0,,,,,,,,,,,,,,
352,19300156901,Dose-Response,journal,15593258,0,,,,,,,,,,,,,,
353,24578,Mathematical Medicine and Biology,journal,14778599,0,,,,,,,,,,,,,,
354,5400152628,Revista Brasileira de Farmacognosia,journal,0102695X,,,,,,,,,,,,,,,
355,35190,Revista Espanola de Quimioterapia,journal,2143429,0,,,,,,,,,,,,,,
356,22456,International Journal of Pharmacy Practice,journal,9617671,,,,,,,,,,,,,,,
357,19700188217,Bioanalysis,journal,17576180,,,,,,,,,,,,,,,
358,25305,SAR and QSAR in Environmental Research,journal,1029046X,,,,,,,,,,,,,,,
359,21194,Pharmacology,journal,317012,,,,,,,,,,,,,,,
360,29947,Journal of Chemotherapy,journal,1120009X,,,,,,,,,,,,,,,
361,19447,Journal of the American Pharmacists Association : JAPhA,journal,15443191,,,,,,,,,,,,,,,
362,23129,Journal of Veterinary Pharmacology and Therapeutics,journal,1407783,,,,,,,,,,,,,,,
363,19500157062,Current Cardiovascular Risk Reports,journal,19329563,,,,,,,,,,,,,,,
364,130031,Journal of Toxicologic Pathology,journal,9149198,0,,,,,,,,,,,,,,
365,21100815317,Journal of Pharmacopuncture,journal,20936966,,,,,,,,,,,,,,,
366,4000152107,Journal of Venomous Animals and Toxins Including Tropical Diseases,journal,16789199,0,,,,,,,,,,,,,,
367,21100218529,Value in Health Regional Issues,journal,22121099,,,,,,,,,,,,,,,
368,21907,Journal of Anaesthesiology Clinical Pharmacology,journal,9709185,,,,,,,,,,,,,,,
369,19700201141,Journal of Ayurveda and Integrative Medicine,journal,9759476,,,,,,,,,,,,,,,
370,19398,Acta Pharmaceutica,journal,18469558,,,,,,,,,,,,,,,
371,25223,Toxicology and Industrial Health,journal,7482337,,,,,,,,,,,,,,,
372,4700152701,Pharmacy Practice,journal,1885642X,,,,,,,,,,,,,,,
373,27087,American Journal of Therapeutics,journal,10752765,,,,,,,,,,,,,,,
374,21100239606,Therapeutic Innovation and Regulatory Science,journal,21684790,,,,,,,,,,,,,,,
375,29318,Anti-Cancer Agents in Medicinal Chemistry,journal,18715206,,,,,,,,,,,,,,,
376,29053,Molecular Diversity,journal,1573501X,,,,,,,,,,,,,,,
377,14822,Xenobiotica,journal,498254,,,,,,,,,,,,,,,
378,20766,Drug and Chemical Toxicology,journal,1480545,,,,,,,,,,,,,,,
379,21100239265,PharmaNutrition,journal,22134344,0,,,,,,,,,,,,,,
380,24605,Arhiv za Higijenu Rada i Toksikologiju,journal,18486312,,,,,,,,,,,,,,,
381,22393,Indian Journal of Pharmacology,journal,2537613,,,,,,,,,,,,,,,
382,16948,Chirality,journal,1520636X,,,,,,,,,,,,,,,
383,21256,Drugs of Today,journal,257656,,,,,,,,,,,,,,,
384,19984,Assay and Drug Development Technologies,journal,1540658X,,,,,,,,,,,,,,,
385,15240,Iranian Journal of Medical Sciences,journal,17353688,,,,,,,,,,,,,,,
386,25898,Journal of Peptide Science,journal,10752617,,,,,,,,,,,,,,,
387,4900153304,Archives of Environmental and Occupational Health,journal,19338244,0,,,,,,,,,,,,,,
388,5800173387,Reviews on Recent Clinical Trials,journal,15748871,0,,,,,,,,,,,,,,
389,130044,Pharmacogenetics and Genomics,journal,17446880,,,,,,,,,,,,,,,
390,17500155003,Records of Natural Products,journal,13076167,0,,,,,,,,,,,,,,
391,22769,Chemical and Pharmaceutical Bulletin,journal,92363,,,,,,,,,,,,,,,
392,130072,International Journal of Medicinal Mushrooms,journal,15219437,0,,,,,,,,,,,,,,
393,130089,Toxin Reviews,journal,15569543,,,,,,,,,,,,,,,
394,130016,Cutaneous and Ocular Toxicology,journal,15569527,,,,,,,,,,,,,,,
395,19700174889,Drug Target Insights,journal,11773928,0,,,,,,,,,,,,,,
396,145580,International Journal of Peptide Research and Therapeutics,journal,15733149,,,,,,,,,,,,,,,
397,5800228222,Journal of Pharmaceutical Innovation,journal,18725120,,,,,,,,,,,,,,,
398,18384,Medicinal Chemistry Research,journal,10542523,,,,,,,,,,,,,,,
399,22434,International Journal of Clinical Pharmacology and Therapeutics,journal,9461965,0,,,,,,,,,,,,,,
400,19700175086,Drug,,,,,,,,,,,,,,,,,
401,17700156313,Iranian Journal of Pharmaceutical Research,journal,17350328,,,,,,,,,,,,,,,
402,21100440523,Interaction Design and Architecture(s),journal,18269745,,,,,,,,,,,,,,,
403,23942,Biomedical Chromatography,journal,10990801,,,,,,,,,,,,,,,
404,21100226424,Toxicology and Environmental Health Sciences,journal,20059752,,,,,,,,,,,,,,,
405,19700174978,American Journal of Pharmacy Benefits,journal,21642494,,,,,,,,,,,,,,,
406,20066,Biopharmaceutics and Drug Disposition,journal,1099081X,,,,,,,,,,,,,,,
407,20602,Clinical Neuropharmacology,journal,1537162X,,,,,,,,,,,,,,,
408,5800173386,Current Drug Safety,journal,15748863,0,,,,,,,,,,,,,,
409,26766,ATLA Alternatives to Laboratory Animals,journal,2611929,0,,,,,,,,,,,,,,
410,21100318814,Pharmaceutical patent analyst,journal,20468954,,,,,,,,,,,,,,,
411,21101039768,JACCP Journal of the American College of Clinical Pharmacy,journal,25749870,0,,,,,,,,,,,,,,
412,21100860941,Expert Review of Precision Medicine and Drug Development,journal,23808993,0,,,,,,,,,,,,,,
413,21100470510,Drug Research,journal,21949379,,,,,,,,,,,,,,,
414,4700152603,Medicinal Chemistry,journal,15734064,,,,,,,,,,,,,,,
415,19700180522,Molecular and Cellular Toxicology,journal,20928467,,,,,,,,,,,,,,,
416,4700152612,Current Nanoscience,journal,15734137,0,,,,,,,,,,,,,,
417,21717,Die Pharmazie,journal,317144,0,,,,,,,,,,,,,,
418,19700201137,Journal of Advanced Pharmaceutical Technology and Research,journal,1105558,,,,,,,,,,,,,,,
419,34545,Journal of Asian Natural Products Research,journal,10286020,,,,,,,,,,,,,,,
420,21100304895,Archives of Clinical Infectious Diseases,journal,23452641,0,,,,,,,,,,,,,,
421,19700182901,Brazilian Journal of Pharmaceutical Sciences,journal,19848250,,,,,,,,,,,,,,,
422,19700201144,Journal of Pharmacy and Bioallied Sciences,journal,9764879,,,,,,,,,,,,,,,
423,17700155034,Natural Product Communications,journal,15559475,,,,,,,,,,,,,,,
424,21810,Farmacia,journal,148237,0,,,,,,,,,,,,,,
425,24640,Journal of Liquid Chromatography and Related Technologies,journal,1520572X,,,,,,,,,,,,,,,
426,21100841779,ADMET and DMPK,journal,18487718,0,,,,,,,,,,,,,,
427,21100212330,Drug Discoveries and Therapeutics,journal,1881784X,,,,,,,,,,,,,,,
428,4700152609,Current Computer-Aided Drug Design,journal,15734099,0,,,,,,,,,,,,,,
429,18800156720,Dissolution Technologies,journal,1521298X,0,,,,,,,,,,,,,,
430,21101028570,Advances in Pharmacological and Pharmaceutical Sciences,journal,26334682,,,,,,,,,,,,,,,
431,19888,Medical Letter on Drugs and Therapeutics,journal,0025732X,,,,,,,,,,,,,,,
432,22338,Hospital Pharmacy,journal,19451253,,,,,,,,,,,,,,,
433,19383,Fluoride - Quarterly Reports,journal,22534083,,,,,,,,,,,,,,,
434,130045,Journal of Applied Biomedicine,journal,12140287,,,,,,,,,,,,,,,
435,19700201423,Journal of Pharmaceutical Health Services Research,journal,17598885,,,,,,,,,,,,,,,
436,23453,Combinatorial Chemistry and High Throughput Screening,journal,13862073,,,,,,,,,,,,,,,
437,18200156711,Bangladesh Journal of Pharmacology,journal,1991007X,,,,,,,,,,,,,,,
438,6400153143,Turkish Journal of Pharmaceutical Sciences,journal,1304530X,0,,,,,,,,,,,,,,
439,21100376682,Toxicologie Analytique et Clinique,journal,23520078,0,,,,,,,,,,,,,,
440,21101030820,Journal of Chemical Metrology,journal,13076183,0,,,,,,,,,,,,,,
441,29953,Journal of Experimental Therapeutics and Oncology,journal,13594117,,,,,,,,,,,,,,,
442,21100456601,Journal of Pharmacy and Pharmacognosy Research,journal,7194250,0,,,,,,,,,,,,,,
443,23348,Journal of Environmental Biology,journal,23940379,,,,,,,,,,,,,,,
444,21100285419,Expert Opinion on Orphan Drugs,journal,21678707,0,,,,,,,,,,,,,,
445,21811,Farmacia Hospitalaria,journal,21718695,,,,,,,,,,,,,,,
446,4000148204,Pakistan Journal of Pharmaceutical Sciences,journal,1011601X,0,,,,,,,,,,,,,,
447,130038,Letters in Drug Design and Discovery,journal,15701808,0,,,,,,,,,,,,,,
448,21100199816,Jundishapur Journal of Natural Pharmaceutical Products,journal,22287876,,,,,,,,,,,,,,,
449,21100451405,Natural Products Journal,journal,22103163,,,,,,,,,,,,,,,
450,22392,Indian Journal of Pharmaceutical Sciences,journal,0250474X,,,,,,,,,,,,,,,
451,19200156945,Boletin Latinoamericano y del Caribe de Plantas Medicinales y Aromaticas,journal,7177917,0,,,,,,,,,,,,,,
452,25864,Heterocycles,journal,3855414,0,,,,,,,,,,,,,,
453,21086,Pharmaceutical Chemistry Journal,journal,15739031,,,,,,,,,,,,,,,
454,19700189400,Pharmaceutical Sciences,journal,23832886,,,,,,,,,,,,,,,
455,19461,Annales Pharmaceutiques Francaises,journal,34509,0,,,,,,,,,,,,,,
456,18800156708,Tropical Journal of Pharmaceutical Research,journal,15965996,,,,,,,,,,,,,,,
457,19200156909,Indian Journal of Pharmaceutical Education and Research,journal,195464,0,,,,,,,,,,,,,,
458,4700152426,Current Pharmaceutical Analysis,journal,15734129,0,,,,,,,,,,,,,,
459,23107,Journal of Pharmacy Technology,journal,15494810,,,,,,,,,,,,,,,
460,21100867470,Indonesian Journal of Pharmacy,journal,23389486,,,,,,,,,,,,,,,
461,5800173394,Current Drug Therapy,journal,15748855,0,,,,,,,,,,,,,,
462,21823,Pharmacia,journal,4280296,0,,,,,,,,,,,,,,
463,21100239829,Current Issues in Pharmacy and Medical Sciences,journal,2084980X,0,,,,,,,,,,,,,,
464,21100854828,Current Traditional Medicine,journal,22150846,,,,,,,,,,,,,,,
465,21211,Pharmacy Education,journal,14772701,,,,,,,,,,,,,,,
466,19700181241,Physiology and Pharmacology,journal,17350581,0,,,,,,,,,,,,,,
467,21100399725,Journal of Reports in Pharmaceutical Sciences,journal,23225106,,,,,,,,,,,,,,,
468,21100829925,HiSTOReLo,journal,2145132X,0,,,,,,,,,,,,,,
469,24111,Indian Journal of Chemistry - Section B Organic and Medicinal Chemistry,journal,3764699,,,,,,,,,,,,,,,
470,19405,Acta Poloniae Pharmaceutica,journal,16837,0,,,,,,,,,,,,,,
471,22854,Yakugaku Zasshi,journal,13475231,,,,,,,,,,,,,,,
472,21100905494,Analytical Science and Technology,journal,12250163,,,,,,,,,,,,,,,
473,21100209502,Journal of Pharmacology and Pharmacotherapeutics,journal,0976500X,,,,,,,,,,,,,,,
474,19408,Actualites Pharmaceutiques,journal,5153700,0,,,,,,,,,,,,,,
475,21100922188,Farmatsiya i Farmakologiya,journal,23079266,,,,,,,,,,,,,,,
476,21100854242,International Nano Letters,journal,22285326,,,,,,,,,,,,,,,
477,22358,U.S. Pharmacist,trade journal,1484818,0,,,,,,,,,,,,,,
478,21100216519,Journal of Pharmaceutical Negative Results,journal,9769234,,,,,,,,,,,,,,,
479,24097,Journal of the Indian Chemical Society,journal,194522,0,,,,,,,,,,,,,,
480,21265,Drugs of the Future,journal,3778282,0,,,,,,,,,,,,,,
481,21101017910,International Journal of Medical Toxicology and Forensic Medicine,journal,22518770,,,,,,,,,,,,,,,
482,20065,BioPharm International,trade journal,1542166X,,,,,,,,,,,,,,,
483,21101037321,Khyber Medical University Journal,journal,23052643,,,,,,,,,,,,,,,
484,27715,Anil Aggrawal's Internet Journal of Forensic Medicine and Toxicology,journal,9728074,,,,,,,,,,,,,,,
485,19700174931,Asian Journal of Pharmaceutics (discontinued),journal,1998409X,,,,,,,,,,,,,,,
486,19700174941,Pharmacognosy Research (discontinued),journal,9748490,,-,37,1,71,33,103,71,0,,,,,,
