Abstract,Conclusions,Copyrights,DOI,Journal,Methods,Publication_date,PubmedID,Results,Title,Keywords,Authors,Affiliations
"Over the last several years, low-dimensional graphene derivatives, such as carbon nanotubes and graphene nanoribbons, have played a central role in the pursuit of a plausible carbon-based nanotechnology. Their electronic properties can be either metallic or semiconducting depending purely on morphology, but predicting their electronic behavior has proven challenging. The combination of experimental efforts with modeling of these nanometer-scale structures has been instrumental in gaining insight into their physical and chemical properties and the processes involved at these scales. Particularly, approximations based on density functional theory have emerged as a successful computational tool for predicting the electronic structure of these materials. In this Account, we review our efforts in modeling graphitic nanostructures from first principles with hybrid density functionals, namely the Heyd-Scuseria-Ernzerhof (HSE) screened exchange hybrid and the hybrid meta-generalized functional of Tao, Perdew, Staroverov, and Scuseria (TPSSh). These functionals provide a powerful tool for quantitatively studying structure-property relations and the effects of external perturbations such as chemical substitutions, electric and magnetic fields, and mechanical deformations on the electronic and magnetic properties of these low-dimensional carbon materials. We show how HSE and TPSSh successfully predict the electronic properties of these materials, providing a good description of their band structure and density of states, their work function, and their magnetic ordering in the cases in which magnetism arises. Moreover, these approximations are capable of successfully predicting optical transitions (first and higher order) in both metallic and semiconducting single-walled carbon nanotubes of various chiralities and diameters with impressive accuracy. This versatility includes the correct prediction of the trigonal warping splitting in metallic nanotubes. The results predicted by HSE and TPSSh provide excellent agreement with existing photoluminescence and Rayleigh scattering spectroscopy experiments and Green's function-based methods for carbon nanotubes. This same methodology was utilized to predict the properties of other carbon nanomaterials, such as graphene nanoribbons. Graphene nanoribbons may be viewed as unrolled (and passivated) carbon nanotubes. However, the emergence of edges has a crucial impact on the electronic properties of graphene nanoribbons. Our calculations have shown that armchair nanoribbons are predicted to be nonmagnetic semiconductors with a band gap that oscillates with their width. In contrast, zigzag graphene nanoribbons are semiconducting with an electronic ground state that exhibits spin polarization localized at the edges of the carbon nanoribbon. The spatial symmetry of these magnetic states in graphene nanoribbons can give rise to a half-metallic behavior when a transverse external electric field is applied. Our work shows that these properties are enhanced upon different types of oxidation of the edges. We also discuss the properties of rectangular graphene flakes, which present spin polarization localized at the zigzag edges.",,,10.1021/ar100137c,Accounts of chemical research,,2011-03-11,21388164,,Accurate prediction of the electronic properties of low-dimensional graphene derivatives using a screened hybrid density functional.,,"Barone, Veronica, V; Hod, Oded, O; Peralta, Juan E, JE; Scuseria, Gustavo E, GE","Department of Physics, Central Michigan University, Mt. Pleasant, 48859, United States.; None; None; None"
"Endosperm is a filial structure resulting from a second fertilization event in angiosperms. As an absorptive storage organ, endosperm plays an essential role in support of embryo development and seedling germination. The accumulation of carbohydrate and protein storage products in cereal endosperm provides humanity with a major portion of its food, feed, and renewable resources. Little is known regarding the regulatory gene networks controlling endosperm proliferation and differentiation. As a first step toward understanding these networks, we profiled all mRNAs in the maize kernel and endosperm at eight successive stages during the first 12 d after pollination. Analysis of these gene sets identified temporal programs of gene expression, including hundreds of transcription-factor genes. We found a close correlation of the sequentially expressed gene sets with distinct cellular and metabolic programs in distinct compartments of the developing endosperm. The results constitute a preliminary atlas of spatiotemporal patterns of endosperm gene expression in support of future efforts for understanding the underlying mechanisms that control seed yield and quality. ",,,10.1073/pnas.1406383111,Proceedings of the National Academy of Sciences of the United States of America,,2014-05-14,"24821765
23478895
19261174
23613580
9263463
11337398
1392590
11535047
15105441
2562552
11910007
2535458
24248366
7647565
19126691
9207153
20385809
11595803
2296602
23322175
11319035
7151164
3009452
23845136
3596247
22123899
8281040
3224829
17517782
19910308
19289445
22672716
15010513
19520962
23637782
20435677
12096094",,Temporal patterns of gene expression in developing maize endosperm identified through transcriptome sequencing.,mRNA localization; time series,"Li, Guosheng, G; Wang, Dongfang, D; Yang, Ruolin, R; Logan, Kyle, K; Chen, Hao, H; Zhang, Shanshan, S; Skaggs, Megan I, MI; Lloyd, Alan, A; Burnett, William J, WJ; Laurie, John D, JD; Hunter, Brenda G, BG; Dannenhoffer, Joanne M, JM; Larkins, Brian A, BA; Drews, Gary N, GN; Wang, Xiangfeng, X; Yadegari, Ramin, R","School of Plant Sciences, University of Arizona, Tucson, AZ 85721;; School of Plant Sciences, University of Arizona, Tucson, AZ 85721;; School of Plant Sciences, University of Arizona, Tucson, AZ 85721;; Department of Biology, University of Utah, Salt Lake City, UT 84112;; School of Plant Sciences, University of Arizona, Tucson, AZ 85721;; School of Plant Sciences, University of Arizona, Tucson, AZ 85721;; School of Plant Sciences, University of Arizona, Tucson, AZ 85721;; Department of Biology, University of Utah, Salt Lake City, UT 84112;; Department of Biology, University of Utah, Salt Lake City, UT 84112;; School of Plant Sciences, University of Arizona, Tucson, AZ 85721;; School of Plant Sciences, University of Arizona, Tucson, AZ 85721;; Department of Biology, Central Michigan University, Mount Pleasant, MI 48859; and.; School of Plant Sciences, University of Arizona, Tucson, AZ 85721;School of Biological Sciences, University of Nebraska, Lincoln, NE 68588 blarkins2@unl.edu xwang1@cals.arizona.edu yadegari@email.arizona.edu.; Department of Biology, University of Utah, Salt Lake City, UT 84112;; School of Plant Sciences, University of Arizona, Tucson, AZ 85721; blarkins2@unl.edu xwang1@cals.arizona.edu yadegari@email.arizona.edu.; School of Plant Sciences, University of Arizona, Tucson, AZ 85721; blarkins2@unl.edu xwang1@cals.arizona.edu yadegari@email.arizona.edu."
"Poly(amidoamine) (PAMAM) dendrimer shell reagents possessing either nucleophilic (i.e., primary amines) or electrophilic (i.e., carboxymethyl esters) functional groups have been covalently assembled around appropriate electrophilic or nucleophilic dendrimer core reagents to produce partial shell filled/core-shell tecto(dendrimers). Partial shell-filled products with saturation levels ranging from 28% to 66% were obtained. These metastable, remarkably monodispersed assemblies possess functionally differentiated nano-cusps and clefts that exhibit ""autoreactive"" behavior. Pacification of these autoreactive products with appropriate alkanolamine reagents produced robust, nonreactive, ""hydroxy-amine-differentiated"" surfaces that exhibit very active self-assembly properties. Based on the monodispersity, dimensional scaling, and electrophoretic similarities of PAMAM dendrimers to globular proteins, these assemblies may be viewed as crude biomimetics of classical core shell-type protein aggregates. These dimensionally larger, but analogous PAMAM core-shell tecto(dendrimer) architectures extend and complete a similar pattern of autoreactivity and pacification that was observed earlier for traditional mono PAMAM dendrimer core-shell modules possessing unsaturated shell levels.",,,10.1073/pnas.062684999,Proceedings of the National Academy of Sciences of the United States of America,,2002-04-12,"11943851
1962191
11301287
8134834
11849007
11169692
8643500
7817188
4942363
11851463",,Partial shell-filled core-shell tecto(dendrimers): a strategy to surface differentiated nano-clefts and cusps.,,"Tomalia, Donald A, DA; Brothers, Herbert M, HM; Piehler, Lars T, LT; Durst, H Dupont, HD; Swanson, Douglas R, DR","Dendritic Nanotechnologies Limited, Central Michigan University, Park Library, Mount Pleasant, MI 48859, USA. tomalia@dnaotech.com; None; None; None; None"
"Determining when and where the ecological impacts of invasive species will be most detrimental and whether the effects of multiple invaders will be superadditive, or subadditive, is critical for developing global management priorities to protect native species in advance of future invasions. Over the past century, the decline of freshwater bivalves of the family Unionidae has been greatly accelerated by the invasion of Dreissena. The purpose of this study was to evaluate the current infestation rates of unionids by zebra (Dreissena polymorpha) and quagga (D. rostriformis bugensis) mussels in the lower Great Lakes region 25 years after they nearly extirpated native unionids. In 2011-2012, we collected infestation data for over 4000 unionids from 26 species at 198 nearshore sites in lakes Erie, Ontario, and St. Clair, the Detroit River, and inland Michigan lakes and compared those results to studies from the early 1990 s. We found that the frequency of unionid infestation by Dreissena recently declined, and the number of dreissenids attached to unionids in the lower Great Lakes has fallen almost ten-fold since the early 1990s. We also found that the rate of infestation depends on the dominant Dreissena species in the lake: zebra mussels infested unionids much more often and in greater numbers. Consequently, the proportion of infested unionids, as well as the number and weight of attached dreissenids were lower in waterbodies dominated by quagga mussels. This is the first large-scale systematic study that revealed how minor differences between two taxonomically and functionally related invaders may have large consequences for native communities they invade.",,,10.1371/journal.pone.0114926,PloS one,,2014-12-10,"25490103
16701083
16913932
17298525
19525429
20639421
21117967
21560670
21905424
22908701",,"Competitive replacement of invasive congeners may relax impact on native species: interactions among zebra, quagga, and native unionid mussels.",,"Burlakova, Lyubov E, LE; Tulumello, Brianne L, BL; Karatayev, Alexander Y, AY; Krebs, Robert A, RA; Schloesser, Donald W, DW; Paterson, Wendy L, WL; Griffith, Traci A, TA; Scott, Mariah W, MW; Crail, Todd, T; Zanatta, David T, DT","Great Lakes Center, SUNY Buffalo State, Buffalo, New York, United States of America; The Research Foundation of The State University of New York, SUNY Buffalo State, Office of Sponsored Programs, Buffalo, New York, United States of America.; Great Lakes Center, SUNY Buffalo State, Buffalo, New York, United States of America.; Great Lakes Center, SUNY Buffalo State, Buffalo, New York, United States of America.; Cleveland State University, Department of Biological, Geological, and Environmental Sciences, Cleveland, Ohio, United States of America.; U.S. Geological Survey, Great Lakes Science Center, Ann Arbor, Michigan, United States of America.; Great Lakes Center, SUNY Buffalo State, Buffalo, New York, United States of America; Central Michigan University, Institute for Great Lakes Research, Biology Department, Mount Pleasant, Michigan, United States of America.; Central Michigan University, Institute for Great Lakes Research, Biology Department, Mount Pleasant, Michigan, United States of America.; Central Michigan University, Institute for Great Lakes Research, Biology Department, Mount Pleasant, Michigan, United States of America.; University of Toledo, Department of Environmental Science, Lake Erie Center, Toledo, Ohio, United States of America.; Central Michigan University, Institute for Great Lakes Research, Biology Department, Mount Pleasant, Michigan, United States of America."
"Exhaled aerosol patterns, also called aerosol fingerprints, provide clues to the health of the lung and can be used to detect disease-modified airway structures. The key is how to decode the exhaled aerosol fingerprints and retrieve the lung structural information for a non-invasive identification of respiratory diseases.
In this study, a CFD-fractal analysis method was developed to quantify exhaled aerosol fingerprints and applied it to one benign and three malign conditions: a tracheal carina tumor, a bronchial tumor, and asthma. Respirations of tracer aerosols of 1 µm at a flow rate of 30 L/min were simulated, with exhaled distributions recorded at the mouth. Large eddy simulations and a Lagrangian tracking approach were used to simulate respiratory airflows and aerosol dynamics. Aerosol morphometric measures such as concentration disparity, spatial distributions, and fractal analysis were applied to distinguish various exhaled aerosol patterns.
Utilizing physiology-based modeling, we demonstrated substantial differences in exhaled aerosol distributions among normal and pathological airways, which were suggestive of the disease location and extent. With fractal analysis, we also demonstrated that exhaled aerosol patterns exhibited fractal behavior in both the entire image and selected regions of interest. Each exhaled aerosol fingerprint exhibited distinct pattern parameters such as spatial probability, fractal dimension, lacunarity, and multifractal spectrum. Furthermore, a correlation of the diseased location and exhaled aerosol spatial distribution was established for asthma.
Aerosol-fingerprint-based breath tests disclose clues about the site and severity of lung diseases and appear to be sensitive enough to be a practical tool for diagnosis and prognosis of respiratory diseases with structural abnormalities.",Aerosol-fingerprint-based breath tests disclose clues about the site and severity of lung diseases and appear to be sensitive enough to be a practical tool for diagnosis and prognosis of respiratory diseases with structural abnormalities.,,10.1371/journal.pone.0104682,PloS one,,2014-08-12,"25105680
23293067
24987981
23009427
24007434
10039645
11021308
10163350
18712605
17237991
15313139
18298184
21658316
22238682
19567608
10147687
15976372
21166933
19901999
20703301
14005590
24497957
16181007
19535282
20421990
6031769
22361247
18388247
2318756
18352973
22660850
12796197
24481172
19179892
21194408
22558079
23313127
23386810
21797464
10147059",,Exhaled aerosol pattern discloses lung structural abnormality: a sensitivity study using computational modeling and fractal analysis.,,"Xi, Jinxiang, J; Si, Xiuhua A, XA; Kim, JongWon, J; Mckee, Edward, E; Lin, En-Bing, EB","School of Engineering and Technology, Central Michigan University, Mount Pleasant, Michigan, United States of America.; Science Division, Calvin College, Grand Rapids, Michigan, United States of America.; School of Engineering and Technology, Central Michigan University, Mount Pleasant, Michigan, United States of America.; College of Medicine, Central Michigan University, Mount Pleasant, Michigan, United States of America.; Department of Mathematics, Central Michigan University, Mount Pleasant, Michigan, United States of America."
"There are a variety of reasons someone might engage in risky behaviors, such as perceived invulnerability to harm or a belief that negative outcomes are more likely for others than for oneself. However, these risk-taking biases are often measured at a decision-making level or from the developmental perspective. Here we assessed whether or not risk-taking influenced perceptual judgments associated with risk. Participants were provided an objective task to measure individual differences in the perception of physical dimensions (i.e., actual size of a balloon) versus the perception of risk (i.e., size at which the balloon would explode). Our results show that specific differences in risk-taking personalities produce specific differences in perceptual judgments about risk, but do not affect perception of the actual dimensions. Thus, risk-takers differ from non-risk-takers in the perceptual estimations they make about risks, and therefore may be more likely to engage in dangerous or uncertain behaviors because they perceive risks differently. ",,,10.1371/journal.pone.0091880,PloS one,,2014-03-19,"24637945
20596815
24027031
8442566
21389339
3585706
21928928
20728602
16262485
8267096
12075692
12093608
20192128
11554648",,Knowing where to draw the line: perceptual differences between risk-takers and non-risk-takers.,,"Biggs, Adam T, AT; Stey, Paul C, PC; Davoli, Christopher C, CC; Lapsley, Daniel, D; Brockmole, James R, JR","Duke University, Durham, North Carolina, United States of America.; University of Notre Dame, Notre Dame, Indiana, United States of America.; Central Michigan University, Mt Pleasant, Michigan, United States of America.; University of Notre Dame, Notre Dame, Indiana, United States of America.; University of Notre Dame, Notre Dame, Indiana, United States of America."
"Intranasal olfactory drug delivery provides a non-invasive method that bypasses the Blood-Brain-Barrier and directly delivers medication to the brain and spinal cord. However, a device designed specifically for olfactory delivery has not yet been found.
In this study, a new delivery method was proposed that utilized electrophoretic forces to guide drug particles to the olfactory region. The feasibility of this method was numerically evaluated in both idealized 2-D and anatomically accurate 3-D nose models. The influence of nasal airflow, electrode strength, and drug release position were also studied on the olfactory delivery efficiency.
Results showed that by applying electrophoretic forces, the dosage to the olfactory region was significantly enhanced. In both 2-D and 3-D cases, electrophoretic-guided delivery achieved olfactory dosages nearly two orders of magnitude higher than that without electrophoretic forces. Furthermore, releasing drugs into the upper half of the nostril (i.e., partial release) led to olfactory dosages two times higher than releasing drugs over the entire area of the nostril. By combining the advantages of pointed drug release and appropriate electrophoretic guidance, olfactory dosages of more than 90% were observed as compared to the extremely low olfactory dosage (<1%) with conventional inhaler devices.
Results of this study have important implications in developing personalized olfactory delivery protocols for the treatment of neurological disorders. Moreover, a high sensitivity of olfactory dosage was observed in relation to different pointed release positions, indicating the importance of precise particle guidance for effective olfactory delivery.","Results of this study have important implications in developing personalized olfactory delivery protocols for the treatment of neurological disorders. Moreover, a high sensitivity of olfactory dosage was observed in relation to different pointed release positions, indicating the importance of precise particle guidance for effective olfactory delivery.",,10.1371/journal.pone.0086593,PloS one,,2014-02-06,"24497957
23526962
15230360
880411
22348743
17034306
12547019
19337363
23016642
18298184
17890478
23166632
14706243
23180965
16185367
22660850
16258995
22191396
16995756
18040829
22563492
19555750
23296105
17237991
11685304
23114378
23313127
12009482",,Electrophoretic particle guidance significantly enhances olfactory drug delivery: a feasibility study.,,"Xi, Jinxiang, J; Si, Xiuhua A, XA; Gaide, Rachel, R","Department of Mechanical and Biomedical Engineering, Central Michigan University, Mount Pleasant, Michigan, United States of America.; Department of Engineering, Calvin College, Grand Rapids, Michigan, United States of America.; Department of Engineering, Calvin College, Grand Rapids, Michigan, United States of America."
"In many North American rivers, populations of multiple species of non-native cyprinid fishes are present, including black carp (Mylpharyngodon piceus), grass carp (Ctenopharyngodon idella), bighead carp (Hypophthalmichthys nobilis), silver carp (Hypophthalmichthys molitrix), common carp (Cyprinus carpio), and goldfish (Carassius auratus). All six of these species are found in the Mississippi River basin and tracking their invasion has proven difficult, particularly where abundance is low. Knowledge of the location of the invasion front is valuable to natural resource managers because future ecological and economic damages can be most effectively prevented when populations are low. To test the accuracy of environmental DNA (eDNA) as an early indicator of species occurrence and relative abundance, we applied eDNA technology to the six non-native cyprinid species putatively present in a 2.6 river mile stretch of the Chicago (IL, USA) canal system that was subsequently treated with piscicide. The proportion of water samples yielding positive detections increased with relative abundance of the six species, as indicated by the number of carcasses recovered after poisoning. New markers for black carp, grass carp, and a common carp/goldfish are reported and details of the marker testing to ensure specificity are provided.",,,10.1371/journal.pone.0058316,PloS one,,2013-03-09,"23472178
22624944
22151771
21353670
21818382
22563411
18400683
21858099",,Validation of eDNA surveillance sensitivity for detection of Asian carps in controlled and field experiments.,,"Mahon, Andrew R, AR; Jerde, Christopher L, CL; Galaska, Matthew, M; Bergner, Jennifer L, JL; Chadderton, W Lindsay, WL; Lodge, David M, DM; Hunter, Margaret E, ME; Nico, Leo G, LG","Department of Biology, Institute for Great Lakes Research, Central Michigan University, Mount Pleasant, Michigan, USA. mahon2a@cmich.edu; None; None; None; None; None; None; None"
"Alzheimer's disease and other related neurodegenerative disorders known as tauopathies are characterized by the accumulation of abnormally phosphorylated and aggregated forms of the microtubule-associated protein tau. Several laboratories have identified a 17 kD proteolytic fragment of tau in degenerating neurons and in numerous cell culture models that is generated by calpain cleavage and speculated to contribute to tau toxicity. In the current study, we employed a Drosophila tauopathy model to investigate the importance of calpain-mediated tau proteolysis in contributing to tau neurotoxicity in an animal model of human neurodegenerative disease. We found that mutations that disrupted endogenous calpainA or calpainB activity in transgenic flies suppressed tau toxicity. Expression of a calpain-resistant form of tau in Drosophila revealed that mutating the putative calpain cleavage sites that produce the 17 kD fragment was sufficient to abrogate tau toxicity in vivo. Furthermore, we found significant toxicity in the fly retina associated with expression of only the 17 kD tau fragment. Collectively, our data implicate calpain-mediated proteolysis of tau as an important pathway mediating tau neurotoxicity in vivo.",,,10.1371/journal.pone.0023865,PloS one,,2011-08-23,"21858230
9736630
19020018
14981075
19357288
14522243
21047784
15620682
21310951
15382138
11098128
12127682
15930385
18590784
15715081
15250825
12765608
9629852
21482827
15193288
15033802
17535890
9671972
17187063
7588778
7566338
9786994
17055174
10830966
20927324
14988399
9637399
16782707
9636220
20595388
20193038
20460118
9282924
21442128
17428800
15975083
15331404
3458236
17397881
14668378
20664788
9836646
12070670
17173140
15294141
9641683
12871716
20159774
17309878
16216885
15998804
20961659
11837744
16246844
17928404
17456777
11408621
16477009
17335084",,Implicating calpain in tau-mediated toxicity in vivo.,,"Reinecke, James B, JB; DeVos, Sarah L, SL; McGrath, James P, JP; Shepard, Amanda M, AM; Goncharoff, Dustin K, DK; Tait, Don N, DN; Fleming, Samantha R, SR; Vincent, Michael P, MP; Steinhilb, Michelle L, ML","Department of Biology, Central Michigan University, Mount Pleasant, Michigan, United States of America.; None; None; None; None; None; None; None; None"
"The dewlaps of Anolis lizards provide a classic example of a complex signaling system whose function and evolution is poorly understood. Dewlaps are flaps of skin beneath the chin that are extended and combined with head and body movements for visual signals and displays. They exhibit extensive morphological variation and are one of two cladistic features uniting anoles, yet little is known regarding their function and evolution. We quantified the diversity of anole dewlaps, investigated whether dewlap morphology was informative regarding phylogenetic relationships, and tested two separate hypotheses: (A) similar Anolis habitat specialists possess similar dewlap configurations (Ecomorph Convergence hypothesis), and (B) sympatric species differ in their dewlap morphologies to a greater extent than expected by chance (Species Recognition hypothesis).
We found that dewlap configurations (sizes, patterns and colors) exhibit substantial diversity, but that most are easily categorized into six patterns that incorporate one to three of 13 recognizable colors. Dewlap morphology is not phylogenetically informative and, like other features of anoles, exhibits convergence in configurations. We found no support for the Ecomorph Convergence hypothesis; species using the same structural habitat were no more similar in dewlap configuration than expected by chance. With one exception, all sympatric species in four communities differ in dewlap configuration. However, this provides only weak support for the Species Recognition hypothesis because, due to the great diversity in dewlap configurations observed across each island, few cases of sympatric species with identical dewlaps would be expected to co-occur by chance alone.
Despite previous thought, most dewlaps exhibit easily characterizable patterns and colorations. Nevertheless, dewlap variation is extensive and explanations for the origin and evolution of this diversity are lacking. Our data do not support two hypothesized explanations for this diversity, but others such as sexual selection remain to be tested.",,,10.1371/journal.pone.0000274,PloS one,,2007-03-08,"17342208
10937202
11398746
11886622
12538260
14635911
14767834
15356629
15807425
2254942
29865772
8101656
8101659
9516114",,Evolution of Anolis lizard dewlap diversity.,,"Nicholson, Kirsten E, KE; Harmon, Luke J, LJ; Losos, Jonathan B, JB","Department of Biology, Central Michigan University, Mt. Pleasant, Michigan, United States of America. kirsten.nicholson@cmich.edu; None; None"
