Abstract,Conclusions,Copyrights,DOI,Journal,Methods,Publication_date,PubmedID,Results,Title,Keywords,Authors,Affiliations
"HPV vaccination programs have adversely affected participation in future cervical cancer screening. The purpose of this study is to determine the influence of decision satisfaction with accepting/rejecting the HPV vaccine, as well as traditional clinical factors, on the intent to participate in future screening.
From January 2011 through August 2012 women 18-26 years old presenting for health care in an urban college student health and wellness clinic in the US Midwest were asked to complete a descriptive and medical history survey including a six element decisional satisfaction survey scored on 5-point Likert scales, where the intent to participate in future cervical cancer screening was measured. Of the 568 women who completed the decisional satisfaction survey, 17% of those <21 years and 7% ≥ 21 years indicated no intent to participate in future cervical cancer screenings. Among women of current screening age, the univariate risk factors of race/ethnicity, contraceptive use, number of lifetime sexual partners, and receipt of HPV vaccine were not predictors of intent for future cervical cancer screening. Instead, only a history of a prior Pap test was a significant positive predictor and only a decisional satisfaction of 'neutral' (Likert score = 3) for any of the four decisional satisfaction elements was a significant negative predictor. For the decisional satisfaction element ""best for me personally"", there was a 78% decreased likelihood of intending to participate in future screening if the satisfaction was neutral rather than firm (aOR = 0.22, 95% CI: 0.05-0.91) and a 26 fold increased likelihood if she had had a prior Pap test (aOR = 26, 95% CI: 5-133).
HPV vaccination implementation programs must help women be the owner of their decision around HPV vaccination and understand the importance of future participation in cervical cancer screening.",,,10.1371/journal.pone.0098665,PloS one,,2014-06-11,"24914536
10428251
24499399
24416673
22422631
20797640
20719230
16844268
24551110
20176693
24530938
20719223
20670593
23090560
23663511
24313694
24355675
8717600
23071519
21975733
23754203
23635684
23805398
17903070
22111017
19638651
21538664
16950004
20113982
19684447
22394003
23712523",,Intent to participate in future cervical cancer screenings is lower when satisfaction with the decision to be vaccinated is neutral.,,"Alexander, Natalie Marya, NM; Harper, Diane Medved, DM; Comes, Johanna Claire, JC; Smith, Melissa Smith, MS; Heutinck, Melinda Ann, MA; Handley, Sandra Martin, SM; Ahern, Debra Ann, DA","Department of Community and Family Medicine, University of Missouri Kansas City School of Medicine, Kansas City, Missouri, United States of America; Department of Family Medicine, Kansas City University of Medicine and Biosciences, Kansas City, Missouri, United States of America.; Department of Community and Family Medicine, University of Missouri Kansas City School of Medicine, Kansas City, Missouri, United States of America; Department of Obstetrics and Gynecology, University of Missouri Kansas City School of Medicine, Kansas City, Missouri, United States of America; Department of Biomedical and Health Informatics, University of Missouri Kansas City School of Medicine, Kansas City, Missouri, United States of America; University of Missouri-Kansas City Student Health and Wellness, University of Missouri-Kansas City, Kansas City, Missouri, United States of America.; University of Missouri-Kansas City Student Health and Wellness, University of Missouri-Kansas City, Kansas City, Missouri, United States of America.; University of Missouri-Kansas City Student Health and Wellness, University of Missouri-Kansas City, Kansas City, Missouri, United States of America.; University of Missouri-Kansas City Student Health and Wellness, University of Missouri-Kansas City, Kansas City, Missouri, United States of America.; University of Missouri-Kansas City Student Health and Wellness, University of Missouri-Kansas City, Kansas City, Missouri, United States of America.; Department of Community and Family Medicine, University of Missouri Kansas City School of Medicine, Kansas City, Missouri, United States of America; University of Missouri-Kansas City Student Health and Wellness, University of Missouri-Kansas City, Kansas City, Missouri, United States of America."
"Peer influence and social networking can change female adolescent and young adult behavior. Peer influence on preferences for male human papillomavirus (HPV) vaccination has not been documented. The primary aim of this study was to determine if women had preferences about male sexual partner HPV vaccination receipt.
A prospective survey of women 18-26 years of age was conducted at an urban university student health clinic. Education about the two HPV vaccines, cervical cancer and genital warts was provided. Women self-reported their demographic and medical history data, as well as their own preferences for HPV vaccine and their preferences for their male partner HPV vaccine using a 5 point Likert scale. 601 women, mean age of 21.5 years (SD 2.4), participated between 2011 and 2012. Nearly 95% of respondents were heterosexual; condoms and contraceptives were used in over half of the population. Regardless of the woman's vaccination status, women had significantly higher (strongly agree/agree) preferences for the male partner being vaccinated with HPV4 than not caring if he was vaccinated (63.6% vs. 13.1%, p<0.001). This preference was repeated for sexual risk factors and past reproductive medical history. Women who received HPV4 compared to those choosing HPV2 had a significantly lower proportion of preferences for not caring if the male partner was vaccinated (13% vs. 22%, p = 0.015).
Women preferred a HPV vaccinated male partner. Peer messaging might change the male HPV vaccination uptake.",,,10.1371/journal.pone.0097119,PloS one,,2014-05-16,"24828237
19910102
21864887
15016293
20129653
19841004
22205887
23805398
19951936
21918469
23840589
21419773
18847560
18445636
20956352
21194011
15957566
19150120
22207411
23298365
21816193
23241217
19646665
23602536
22480733
23199959
17142510
16338604
18830138
24551110
22932301
21742835",,Women have a preference for their male partner to be HPV vaccinated.,,"Harper, Diane Medved, DM; Alexander, Natalie Marya, NM; Ahern, Debra Ann, DA; Comes, Johanna Claire, JC; Smith, Melissa Smith, MS; Heutinck, Melinda Ann, MA; Handley, Sandra Martin, SM","Department of Biomedical and Health Informatics, University of Missouri Kansas City School of Medicine, Kansas City, Missouri, United States of America; Department of Community and Family Medicine, University of Missouri Kansas City School of Medicine, Kansas City, Missouri, United States of America; Department of Obstetrics and Gynecology, University of Missouri Kansas City School of Medicine, Kansas City, Missouri, United States of America.; Department of Family Medicine, Kansas City University of Medicine and Biosciences, Kansas City, Missouri, United States of America.; Department of Community and Family Medicine, University of Missouri Kansas City School of Medicine, Kansas City, Missouri, United States of America.; University of Missouri Kansas City Student Health and Wellness, University of Missouri-Kansas City, Kansas City, Missouri, United States of America.; University of Missouri Kansas City Student Health and Wellness, University of Missouri-Kansas City, Kansas City, Missouri, United States of America.; University of Missouri Kansas City Student Health and Wellness, University of Missouri-Kansas City, Kansas City, Missouri, United States of America.; University of Missouri Kansas City Student Health and Wellness, University of Missouri-Kansas City, Kansas City, Missouri, United States of America."
"Only a portion of the US population is willing to consider HPV vaccination to date. The primary aim of this study is to determine the decisional satisfaction associated with HPV vaccination.
This is a prospective survey conducted at an urban college where women 18-26 years old completed a decisional satisfaction survey about their HPV vaccine experience.
Regardless of the decision to accept or reject HPV vaccination, the decisional satisfaction was very high (mean 5-item score = 21.2 (SD 3.8)). Women without HPV vaccination were decisionally neutral significantly more often than those already vaccinated; 22% were decisionally neutral for the option to accept HPV vaccination at that visit. Cervical cancer prevention was preferred significantly more often than genital wart prevention in all analyses.
Targeting those who are decisionally neutral about HPV vaccination may result in a higher uptake of HPV vaccination.",,,10.1371/journal.pone.0088493,PloS one,,2014-02-20,"24551110
20956352
8717600
7898294
9459645
21067976
20841433
23695369
20670593
16344662
17203990
22115067
15551326
21802701
19824745
3474446
21975733
23364272
12926578
23884346
21664679
12112494
1649312
6392204
23408936","Regardless of the decision to accept or reject HPV vaccination, the decisional satisfaction was very high (mean 5-item score = 21.2 (SD 3.8)). Women without HPV vaccination were decisionally neutral significantly more often than those already vaccinated; 22% were decisionally neutral for the option to accept HPV vaccination at that visit. Cervical cancer prevention was preferred significantly more often than genital wart prevention in all analyses.",Quantifying the decisional satisfaction to accept or reject the Human Papillomavirus (HPV) vaccine: a preference for cervical cancer prevention.,,"Harper, Diane M, DM; Irons, Billy B, BB; Alexander, Natalie M, NM; Comes, Johanna C, JC; Smith, Melissa S, MS; Heutinck, Melinda A, MA; Handley, Sandra M, SM; Ahern, Debra A, DA","Department of Community and Family Medicine, University of Missouri Kansas City School of Medicine, Kansas City, Missouri, United States of America ; Department of Obstetrics and Gynecology, University of Missouri Kansas City School of Medicine, Kansas City, Missouri, United States of America ; Department of Biomedical and Health Informatics University of Missouri Kansas City School of Medicine, Kansas City, Missouri, United States of America ; Student Health and Wellness, University of Missouri-Kansas City, Kansas City, Missouri, United States of America.; Department of Community and Family Medicine, University of Missouri Kansas City School of Medicine, Kansas City, Missouri, United States of America ; Student Health and Wellness, University of Missouri-Kansas City, Kansas City, Missouri, United States of America.; Department of Community and Family Medicine, University of Missouri Kansas City School of Medicine, Kansas City, Missouri, United States of America ; Department of Family Medicine, Kansas City University of Medicine and Biosciences, Kansas City, Missouri, United States of America.; Student Health and Wellness, University of Missouri-Kansas City, Kansas City, Missouri, United States of America.; Student Health and Wellness, University of Missouri-Kansas City, Kansas City, Missouri, United States of America.; Student Health and Wellness, University of Missouri-Kansas City, Kansas City, Missouri, United States of America.; Student Health and Wellness, University of Missouri-Kansas City, Kansas City, Missouri, United States of America.; Department of Community and Family Medicine, University of Missouri Kansas City School of Medicine, Kansas City, Missouri, United States of America ; Student Health and Wellness, University of Missouri-Kansas City, Kansas City, Missouri, United States of America."
