Pubmed_ID,Abstract,DOI,Author,Journal,Publication_Date,Title,Affiliation
24135849,"Increased demands on the protein folding capacity of the endoplasmic reticulum (ER) trigger the unfolded protein response (UPR). Comprised of a tripartite signaling system, the UPR regulates translation and gene transcription to manifest pro-adaptive and, if necessary, pro-apoptotic outcomes. The three UPR pathways, initiated by activating transcription factor 6, inositol requiring enzyme 1, and protein kinase RNA-activated-like ER kinase (PERK), direct distinct downstream signaling events. However, it is becoming increasingly clear that interplay between the cascades is vital in shaping the UPR. In particular, recent discoveries have revealed that PERK-dependent signals mediate both inter- and intra-pathway regulation within the UPR, underscoring the critical role of the PERK pathway in the cellular response to ER stress.",['10.1007/s00018-013-1490-2 [doi]'],['Brewer JW'],Cellular and molecular life sciences : CMLS,2014 Mar,Regulatory crosstalk within the mammalian unfolded protein response.,"['Department of Molecular and Cellular Sciences, College of Osteopathic Medicine, Liberty University, 1971 University Boulevard, Lynchburg, VA, 24515, USA, jwbrewer1@liberty.edu.']"
17894525,"This study examined the attitudes and experiences of male and female college students relative to breastfeeding education within middle and high school programs of study. Findings revealed that 36.7% of the participants were taught about breastfeeding while enrolled in a specific course in high school; 11.3% received information about breastfeeding in middle school. Overall, participants expressed positive attitudes toward breastfeeding and were supportive of the promotion of breastfeeding within a formal educational setting. However, 54% disagreed with offering information about breastfeeding to middle school students. Furthermore, most (67.8%) participants found public breastfeeding to be unacceptable; 77.7% indicated that breastfeeding is an intimate behavior that should be kept private. School nurses are in a unique position to influence school health and science-related curricula designed to promote the health benefits of breastfeeding. More education is needed to teach young people about the advantages of breastfeeding and to make breastfeeding a socially and culturally acceptable lifestyle behavior.","['1059-8405-23-5-276 [pii]', '10.1177/10598405070230050601 [doi]']",['Spear HJ'],The Journal of school nursing : the official publication of the National Association of School Nurses,2007 Oct,College students' experiences and attitudes regarding middle and high school-based breastfeeding education.,"['Liberty University, Lynchburg, VA, USA.']"
16562805,"Many basic nursing programs spend little time educating students about pain management. Between the years of 2000 and 2002, a baccalaureate nursing program at a university in central Virginia surveyed sophomore, junior, and senior nursing students using McCaffery's Pain Knowledge and Attitude Survey at the beginning and end of each academic semester. During the same time period, faculty also completed the survey and answered open-ended questions pertaining to the inclusion of pain management in course content. The purposes of this study were to determine the baseline knowledge and attitudes of nursing students and faculty about the science of pain management and to evaluate the content of pain management material and the extent to which it is integrated into the curriculum.",['10.3928/01484834-20060301-09 [doi]'],['Goodrich C'],The Journal of nursing education,2006 Mar,Students' and faculty members' knowledge and attitudes regarding pain management: a descriptive survey.,"['Liberty University, Department of Nursing, Lynchburg, Virginia 24502, USA. CGoodrich@Liberty.edu']"
23451130,"The mxaF gene, coding for the large (α) subunit of methanol dehydrogenase, is highly conserved among distantly related methylotrophic species in the Alpha-, Beta- and Gammaproteobacteria. It is ubiquitous in methanotrophs, in contrast to other methanotroph-specific genes such as the pmoA and mmoX genes, which are absent in some methanotrophic proteobacterial genera. This study examined the potential for using the mxaF gene as a functional and phylogenetic marker for methanotrophs. mxaF and 16S rRNA gene phylogenies were constructed based on over 100 database sequences of known proteobacterial methanotrophs and other methylotrophs to assess their evolutionary histories. Topology tests revealed that mxaF and 16S rDNA genes of methanotrophs do not show congruent evolutionary histories, with incongruencies in methanotrophic taxa in the Methylococcaceae, Methylocystaceae, and Beijerinckiacea. However, known methanotrophs generally formed coherent clades based on mxaF gene sequences, allowing for phylogenetic discrimination of major taxa. This feature highlights the mxaF gene's usefulness as a biomarker in studying the molecular diversity of proteobacterial methanotrophs in nature. To verify this, PCR-directed assays targeting this gene were used to detect novel methanotrophs from diverse environments including soil, peatland, hydrothermal vent mussel tissues, and methanotroph isolates. The placement of the majority of environmental mxaF gene sequences in distinct methanotroph-specific clades (Methylocystaceae and Methylococcaceae) detected in this study supports the use of mxaF as a biomarker for methanotrophic proteobacteria.","['PONE-D-12-32586 [pii]', '10.1371/journal.pone.0056993 [doi]']","['Lau E', 'Fisher MC', 'Steudler PA', 'Cavanaugh CM']",PloS one,2013,"The methanol dehydrogenase gene, mxaF, as a functional and phylogenetic marker for proteobacterial methanotrophs in natural environments.","['Department of Natural Sciences and Mathematics, West Liberty University, West Liberty, West Virginia, United States of America. evanlau28@gmail.com']"
16403591,"This descriptive survey study assessed the breastfeeding knowledge of junior and senior baccalaureate nursing students (N=80) who had successfully completed their obstetric nursing course. With a possible perfect knowledge score of 100, participants' scores ranged from 35 to 85 with a sample mean score of 60. Surprisingly, most (85%) did not know that breastfeeding is recommended for the first year of an infant's life, and only five participants knew the proper management of mastitis. Well over one third (41.3%) of the participants opposed breastfeeding in public. Findings reveal the need to strengthen both the didactic and clinical components of the obstetric course curriculum. The acquisition of breastfeeding knowledge at the student level will better equip novice nurses to provide more effective breastfeeding counsel and support for childbearing women and to promote the achievement of the breastfeeding objectives of both the United States and the World Health Organization.","['S0260-6917(05)00223-6 [pii]', '10.1016/j.nedt.2005.10.014 [doi]']",['Spear HJ'],Nurse education today,2006 May,Baccalaureate nursing students' breastfeeding knowledge: a descriptive survey.,"['Department of Nursing, Liberty University, 1971 University Blvd., Lynchburg, VA 24502-2269, USA. hspear@liberty.edu']"
12387596,"This ethnographic study, a component of another study that examined the lived experiences of a small group of pregnant teenagers, focused on the social and learning environment of an alternative school program for pregnant and parenting female adolescents, aged 13 to 19. Field notes, participant observation, group discussion, and informal conversational data were gathered over a 16-week period. Analysis of the data revealed four major themes: nurture and positive regard, sisterhood and belonging, mentoring and sense of family, and proactive learning environment and academic pride. The girls who attended the program developed close relationships with their peers and teachers. Many of them experienced academic success for the first time and reported that pregnancy and impending motherhood motivated them to do better in school. Recommendations for a more comprehensive school-based approach to meeting the needs of pregnant and parenting teens are made, particularly after the babies are born.",['10.1177/10598405020180050901 [doi]'],['Spear HJ'],The Journal of school nursing : the official publication of the National Association of School Nurses,2002 Oct,"Reading, writing, and having babies: a nurturing alternative school program.","['Department of Nursing, Liberty University, Lynchburg, VA, USA.']"
