Abstract,Conclusions,Copyrights,DOI,Journal,Methods,Publication_date,PubmedID,Results,Title,Keywords,Authors,Affiliations
"In human adrenarche during childhood, the secretion of dehydroepiandrosterone (DHEA) from the adrenal gland increases due to its increased synthesis and/or decreased metabolism. DHEA is synthesized by 17α-hydroxylase/17,20-lyase, and is metabolized by 3β-hydroxysteroid dehydrogenase type 2 (3βHSD2). In this study, the inhibition of purified human 3βHSD2 by the adrenal steroids, androstenedione, cortisone, and cortisol, was investigated and related to changes in secondary enzyme structure. Solubilized, purified 3βHSD2 was inhibited competitively by androstenedione with high affinity, by cortisone at lower affinity, and by cortisol only at very high, nonphysiologic levels. When purified 3βHSD2 was bound to lipid vesicles, the competitive Ki values for androstenedione and cortisone were slightly decreased, and the Ki value of cortisol was decreased 2.5-fold, although still at a nonphysiologic level. The circular dichroism spectrum that measured 3βHSD2 secondary structure was significantly altered by the binding of cortisol, but not by androstenedione and cortisone. Our import studies show that 3βHSD2 binds in the intermitochondrial space as a membrane-associated protein. Androstenedione inhibits purified 3βHSD2 at physiologic levels, but similar actions for cortisol and cortisone are not supported. In summary, our results have clarified the mechanisms for limiting the metabolism of DHEA during human adrenarche. ",,Copyright © 2014 by The American Society for Pharmacology and Experimental Therapeutics.,10.1124/jpet.114.219550,The Journal of pharmacology and experimental therapeutics,,2014-10-31,"25355646
17945481
9452375
19793857
19170610
7479852
12437925
1651957
15671100
11112270
24053410
19237595
22715193
21622478
22150161
12437924
22262841
1615327
8664287
11986670
18821018
23485106
21930695
22106846
10377400
20943790
19899816
10557277
12530629
15063656
8465960
9326943
21051590
19489728
17601886
9749838
18726694
11549704
2770297
23065822
18213604
24423296
23836902
12128283
8855801
6593324
12205101
15473843
11112271
6262366
15519319
9768686",,Regulation of human 3β-hydroxysteroid dehydrogenase type 2 by adrenal corticosteroids and product-feedback by androstenedione in human adrenarche.,,"Thomas, James L, JL; Rajapaksha, Maheshinie, M; Mack, Vance L, VL; DeMars, Geneva A, GA; Majzoub, Joseph A, JA; Bose, Himangshu S, HS","Division of Basic Medical Sciences (J.L.T., V.L.M.) and Department of Ob-Gyn (J.L.T.), Mercer University School of Medicine, Macon, Georgia; Department of Biochemistry, Mercer University School of Medicine, Savannah, Georgia (M.R., G.A.D., H.S.B.); Memorial University Medical Center, Anderson Cancer Institute, Savannah, Georgia (H.S.B.); and Division of Endocrinology, Boston Children's Hospital, and Harvard Medical School, Boston, Massachusetts (J.A.M.) thomas_j@mercer.edu.; Division of Basic Medical Sciences (J.L.T., V.L.M.) and Department of Ob-Gyn (J.L.T.), Mercer University School of Medicine, Macon, Georgia; Department of Biochemistry, Mercer University School of Medicine, Savannah, Georgia (M.R., G.A.D., H.S.B.); Memorial University Medical Center, Anderson Cancer Institute, Savannah, Georgia (H.S.B.); and Division of Endocrinology, Boston Children's Hospital, and Harvard Medical School, Boston, Massachusetts (J.A.M.).; Division of Basic Medical Sciences (J.L.T., V.L.M.) and Department of Ob-Gyn (J.L.T.), Mercer University School of Medicine, Macon, Georgia; Department of Biochemistry, Mercer University School of Medicine, Savannah, Georgia (M.R., G.A.D., H.S.B.); Memorial University Medical Center, Anderson Cancer Institute, Savannah, Georgia (H.S.B.); and Division of Endocrinology, Boston Children's Hospital, and Harvard Medical School, Boston, Massachusetts (J.A.M.).; Division of Basic Medical Sciences (J.L.T., V.L.M.) and Department of Ob-Gyn (J.L.T.), Mercer University School of Medicine, Macon, Georgia; Department of Biochemistry, Mercer University School of Medicine, Savannah, Georgia (M.R., G.A.D., H.S.B.); Memorial University Medical Center, Anderson Cancer Institute, Savannah, Georgia (H.S.B.); and Division of Endocrinology, Boston Children's Hospital, and Harvard Medical School, Boston, Massachusetts (J.A.M.).; Division of Basic Medical Sciences (J.L.T., V.L.M.) and Department of Ob-Gyn (J.L.T.), Mercer University School of Medicine, Macon, Georgia; Department of Biochemistry, Mercer University School of Medicine, Savannah, Georgia (M.R., G.A.D., H.S.B.); Memorial University Medical Center, Anderson Cancer Institute, Savannah, Georgia (H.S.B.); and Division of Endocrinology, Boston Children's Hospital, and Harvard Medical School, Boston, Massachusetts (J.A.M.).; Division of Basic Medical Sciences (J.L.T., V.L.M.) and Department of Ob-Gyn (J.L.T.), Mercer University School of Medicine, Macon, Georgia; Department of Biochemistry, Mercer University School of Medicine, Savannah, Georgia (M.R., G.A.D., H.S.B.); Memorial University Medical Center, Anderson Cancer Institute, Savannah, Georgia (H.S.B.); and Division of Endocrinology, Boston Children's Hospital, and Harvard Medical School, Boston, Massachusetts (J.A.M.)."
"Reactive oxygen species (ROS), including hydrogen peroxide (H(2)O(2)), have recently been shown to be generated upon agonism of several members of the G protein-coupled receptor (GPCR) superfamily, including β(2)-adrenergic receptors (β(2)ARs). Previously, we have demonstrated that inhibition of intracellular ROS generation mitigates β(2)AR signaling, suggesting that β(2)AR-mediated ROS generation is capable of feeding back to regulate receptor function. Given that ROS, specifically H(2)O(2), are able to post-translationally oxidize protein cysteine sulfhydryls to cysteine-sulfenic acids, the goal of the current study was to assess whether ROS are capable of S-sulfenating β(2)AR. Using a modified biotin-switch assay that is selective for cysteine-sulfenic acids, our results demonstrate for the first time that H(2)O(2) treatment facilitates S-sulfenation of transiently overexpressed β(2)AR in human embryonic kidney 293 cells. It is noteworthy that stimulation of cells with the β-agonist isoproterenol produces both dose- and time-dependent S-sulfenation of β(2)AR, an effect that is receptor-dependent, and demonstrates that receptor-generated ROS are also capable of oxidizing the β(2)AR. Receptor-dependent S-sulfenation was inhibited by the chemoselective sulfenic acid alkylator dimedone and the cysteine antioxidant N-acetyl-l-cysteine. Moreover, our results reveal that receptor oxidation occurs in cells that endogenously express physiologically relevant levels of β(2)AR, because treatment of human alveolar epithelial A549 cells with either H(2)O(2) or the β(2)-selective agonist formoterol promoted receptor S-sulfenation. These findings provide the first evidence, to our knowledge, that a mammalian GPCR can be oxidized by S-sulfenation and signify an important first step toward shedding light on the overlooked role of ROS in the regulation of β(2)AR function.",,,10.1124/jpet.111.185975,The Journal of pharmacology and experimental therapeutics,,2011-09-16,21917560,,Agonist- and hydrogen peroxide-mediated oxidation of the β2 adrenergic receptor: evidence of receptor s-sulfenation as detected by a modified biotin-switch assay.,,"Burns, Rebecca N, RN; Moniri, Nader H, NH","Department of Pharmaceutical Sciences, College of Pharmacy and Health Sciences, Mercer University, 3001 Mercer University Drive, Atlanta, GA 30341, USA.; None"
"Steroidogenic acute regulatory protein facilitates the translocation of cholesterol to the inner mitochondrial membrane, thereby initiating steroidogenesis. At the inner mitochondrial membrane, cytochrome P450 side-chain cleavage enzyme converts cholesterol to pregnenolone, an oxidative process requiring electrons from NADPH. Pregnenolone then serves as the substrate for the formation of progesterone or dehydroepiandrosterone by downstream enzymes. Studies have shown that cigarette smoke (CS) influences steroid hormone levels. To better understand the underlying mechanisms, we used a mouse model to study the effects of chronic CS exposure on steroidogenesis. Through radioimmunoassay and metabolic conversion assays, we found that CS reduced progesterone and dehydroepiandrosterone without affecting cytochrome P450 side-chain cleavage enzyme or 3β-hydroxysteroid dehydrogenase 2 expression. However, CS did reduce expression of cytochrome c oxidase IV (COX IV), a component of the mitochondrial complex that serves as the last enzyme in the electron transport chain. Small interfering RNA-mediated COX IV knockdown indeed decreased progesterone synthesis in steroidogenic cells. In summary, COX IV likely plays a role in steroidogenesis, and passive smoking may negatively affect steroidogenesis by disrupting the electron transport chain.",,,10.1124/jpet.111.182634,The Journal of pharmacology and experimental therapeutics,,2011-05-12,"21558439
12042277
11986670
1524213
10557277
19338496
15632317
17601886
20547883
2104807
1918079
1530789
10802740
10995240
11368996
8948562
12810543
15817903
8664173
21051590
1655794
16303765
8243310
18158327
10706108
2967432
7961770
8307255
18250166
1734161
7862381
8203750
18213604
3009462
8387159
8771357
7815328
11579102
18417530
3061784
8943003",,Decreased cytochrome c oxidase IV expression reduces steroidogenesis.,,"Pawlak, Kevin J, KJ; Prasad, Manoj, M; McKenzie, Kevin A, KA; Wiebe, John P, JP; Gairola, C Gary, CG; Whittal, Randy M, RM; Bose, Himangshu S, HS","Department of Biochemistry, Mercer University School of Medicine and Memorial University Medical Center, Hoskins Research Building, 4700 Waters Ave., Savannah, GA 31404, USA.; None; None; None; None; None; None"
"The biological aldehydes, malondialdehyde and base propenal, react with DNA to form a prevalent guanine adduct, M(1)dG. The exocyclic ring of M(1)dG opens to the acyclic N(2)-OPdG structure when paired with C but remains closed in single-stranded DNA or when mispaired with T. M(1)dG is a target of nucleotide excision repair (NER); however, NER is absent in mitochondria. An in vitro transcription system with purified human mitochondrial RNA polymerase (POLRMT) and transcription factors, mtTFA and mtTFB2, was used to determine the effect of M(1)dG on POLRMT elongation. DNA templates contained a single adduct opposite either C or T downstream of either the light-strand (LSP) or heavy-strand (HSP1) promoter for POLRMT. M(1)dG in the transcribed strand arrested 60-90% POLRMT elongation complexes with greater arrest by the adduct when opposite T. POLRMT was more sensitive to N(2)-OPdG and M(1)dG after initiation at LSP, which suggests promoter-specific differences in the function of POLRMT complexes. A closed-ring analog of M(1)dG, PdG, blocked ≥95% of transcripts originating from either promoter regardless of base pairing, and the transcripts remained associated with POLRMT complexes after stalling at the adduct. This work suggests that persistent M(1)dG adducts in mitochondrial DNA hinder the transcription of mitochondrial genes.",,,10.1093/nar/gkq656,Nucleic acids research,,2010-07-31,"20671026
15123825
6883508
16282591
17408359
12775726
15327313
14603032
12483511
18541666
7776365
9111054
7834810
19108641
9242698
1709935
18225895
9804833
12068295
2981880
11123964
19536766
19304746
8117922
12468454
19356719
11525918
2982153
10359760
17557812
20351113
11118450
19945377
17337445
9748537
17110932
16364493
2471707
17291767
6213605
12237311
2752429
17189185
19309085
9736698
17031457
15560132
4030791
4212385
8538772
2411543
9344749
10688532
15878883
16198229
15362868
18635552
6185947
15651849
11459975
6697390
12505314",,"Arrest of human mitochondrial RNA polymerase transcription by the biological aldehyde adduct of DNA, M1dG.",,"Cline, Susan D, SD; Lodeiro, M Fernanda, MF; Marnett, Lawrence J, LJ; Cameron, Craig E, CE; Arnold, Jamie J, JJ","Division of Basic Medical Sciences, Mercer University School of Medicine, Mercer, GA 31207, USA. cline_sd@mercer.edu; None; None; None; None"
"In the present study, we evaluated the disposition of inorganic mercury (Hg(2+)) in sham-operated and 75% nephrectomized (NPX) Wistar and transport-deficient (TR(-)) rats treated with saline or the chelating agent meso-2,3-dimercaptosuccinic acid (DMSA). Based on previous studies, DMSA and TR(-) rats were used as tools to examine the potential role of multidrug-resistance protein 2 (MRP2) in the disposition of Hg(2+) during renal insufficiency. All animals were treated with a low dose (0.5 mumol/kg i.v.) of mercuric chloride (HgCl(2)). At 24 and 28 h after exposure to HgCl(2), matched groups of Wistar and TR(-) rats received normal saline or DMSA (intraperitoneally). Forty-eight hours after exposure to HgCl(2), the disposition of Hg(2+) was examined. A particularly notable effect of 75% nephrectomy in both strains of rats was enhanced renal accumulation of Hg(2+), specifically in the outer stripe of the outer medulla. In addition, hepatic accumulation, fecal excretion, and blood levels of Hg(2+) were enhanced in rats after 75% nephrectomy, especially in the TR(-) rats. Treatment with DMSA increased both the renal tubular elimination and urinary excretion of Hg(2+) in all rats. DMSA did not, however, affect hepatic content of Hg(2+), even in the 75% NPX TR(-) rats. We also show with real-time polymerase chain reaction that after 75% nephrectomy and compensatory renal growth, expression of MRP2 (only in Wistar rats) and organic anion transporter 1 is enhanced in the remaining functional proximal tubules. We conclude that MRP2 plays a significant role in the renal and corporal disposition of Hg(2+) after a 75% reduction of renal mass.",,,10.1124/jpet.109.163774,The Journal of pharmacology and experimental therapeutics,,2009-12-25,"20032202
2051495
3603559
2923219
2615850
14978168
2891217
2395124
4018730
18511429
16164645
696829
1995316
19063911
7559771
7839359
18441523
17940195
15504935
1481888
11197511
19155532
7733321
3358258
1729771
12606766
8599091
14569083
4010150
1729759
15466402
16772539
15284288
9048960
1641852
8246154",,"Seventy-five percent nephrectomy and the disposition of inorganic mercury in 2,3-dimercaptopropanesulfonic acid-treated rats lacking functional multidrug-resistance protein 2.",,"Zalups, Rudolfs K, RK; Bridges, Christy C, CC","Division of Basic Medical Sciences, Mercer University School of Medicine, 1550 College Street, Macon, GA 31207, USA. zalups_rk@mercer.edu; None"
"Current therapies for inorganic mercury (Hg(2+)) intoxication include administration of a metal chelator, either 2,3-dimercaptopropane-1-sulfonic acid (DMPS) or meso-2,3-dimercaptosuccinic acid (DMSA). After exposure to either chelator, Hg(2+) is rapidly eliminated from the kidneys and excreted in the urine, presumably as an S-conjugate of DMPS or DMSA. The multidrug resistance protein 2 (Mrp2) has been implicated in this process. We hypothesize that Mrp2 mediates the secretion of DMPS- or DMSA-S-conjugates of Hg(2+) from proximal tubular cells. To test this hypothesis, the disposition of Hg(2+) was examined in control and Mrp2-deficient TR(-) rats. Rats were injected i.v. with 0.5 mumol/kg HgCl(2) containing (203)Hg(2+). Twenty-four and 28 h later, rats were injected with saline, DMPS, or DMSA. Tissues were harvested 48 h after HgCl(2) exposure. The renal and hepatic burden of Hg(2+) in the saline-injected TR(-) rats was greater than that of controls. In contrast, the amount of Hg(2+) excreted in urine and feces of TR(-) rats was less than that of controls. DMPS, but not DMSA, significantly reduced the renal and hepatic content of Hg(2+) in both groups of rats, with the greatest reduction in controls. A significant increase in urinary and fecal excretion of Hg(2+), which was greater in the controls, was also observed following DMPS treatment. Experiments utilizing inside-out membrane vesicles expressing MRP2 support these observations by demonstrating that DMPS- and DMSA-S-conjugates of Hg(2+) are transportable substrates of MRP2. Collectively, these data support a role for Mrp2 in the DMPS- and DMSA-mediated elimination of Hg(2+) from the kidney.",,,10.1124/jpet.107.130708,The Journal of pharmacology and experimental therapeutics,,2007-10-18,"17940195
9687577
12391276
1941628
15310232
3381889
10220572
10699157
2548305
10330452
9259347
15504935
2898331
11856762
15845415
2615850
11602689
12397032
15845419
11197511
10787414
14978168
1331491
9585089
8599091
14569083
1641852
8246154
8094752
6262950
4018730
2160791
3034073
3392658
6307120
7716789
7559771",,"Multidrug resistance proteins and the renal elimination of inorganic mercury mediated by 2,3-dimercaptopropane-1-sulfonic acid and meso-2,3-dimercaptosuccinic acid.",,"Bridges, Christy C, CC; Joshee, Lucy, L; Zalups, Rudolfs K, RK","Mercer University School of Medicine, Division of Basic Medical Sciences, 1550 College Street, Macon, GA 31207, USA. bridges_cc@mercer.edu; None; None"
"Substance P (SP) and calcitonin gene-related peptide (CGRP) are well established mediators of inflammation. Therefore, inhibition of the biosynthesis of these neuropeptides is an attractive potential strategy for pharmacological intervention against a number of inflammatory diseases. The final step in the biosynthesis of SP and CGRP is the conversion of their glycine-extended precursors to the active amidated peptide, and this process is catalyzed by sequential action of the enzymes peptidylglycine alpha-monooxygenase (PAM) and peptidylamidoglycolate lyase. We have demonstrated previously that 4-phenyl-3-butenoic acid (PBA) is a PAM inhibitor, and we have also shown that in vivo inhibition of serum PAM by PBA correlates with this compound's ability to inhibit carrageenan-induced edema in the rat. Here we demonstrate the ability of PBA to inhibit all three phases of adjuvant-induced polyarthritis (AIP) in rats; this represents the first time that an amidation inhibitor has been shown to be active in a model of chronic inflammation. We recently introduced 5-(acetylamino)-4-oxo-6-phenyl-2-hexenoic acid (AOPHA) as one of a new series of mechanism-based amidation inhibitors. We now report for the first time that AOPHA and its methyl ester (AOPHA-Me) are active inhibitors of serum PAM in vivo, and we show that AOPHA-Me correspondingly inhibits carrageenan-induced edema in rats in a dose-dependent manner. Neither PBA nor AOPHA-Me exhibits significant cyclooxygenase (COX) inhibition in vitro; thus, the anti-inflammatory activities of PBA and AOPHA-Me are apparently not a consequence of COX inhibition. We discuss possible pharmacological mechanisms that may account for the activities of these new anti-inflammatory compounds.",,,10.1124/jpet.106.110940,The Journal of pharmacology and experimental therapeutics,,2006-12-02,17138865,,"Anti-inflammatory effects of 4-phenyl-3-butenoic acid and 5-(acetylamino)-4-oxo-6-phenyl-2-hexenoic acid methyl ester, potential inhibitors of neuropeptide bioactivation.",,"Bauer, John D, JD; Sunman, Jeffrey A, JA; Foster, Michael S, MS; Thompson, Jeremy R, JR; Ogonowski, Alison A, AA; Cutler, Stephen J, SJ; May, Sheldon W, SW; Pollock, Stanley H, SH","Department of Pharmaceutical Sciences, Mercer University College of Pharmacy and Health Sciences, Atlanta, GA 30341, USA.; None; None; None; None; None; None; None"
"Methylmercury (CH(3)Hg(+)) is a clinically relevant toxicant that is the most abundant form of mercury found in the environment. After exposure, it accumulates in the kidneys, liver, and central nervous system. The mechanisms by which this toxicant is taken up by target cells are only now beginning to be understood. Some experimental data support a hypothesis involving molecular mimicry, whereby thiol conjugates of methylmercury (especially a cysteine S-conjugate) mimic one or more amino acids and are transported into target cells by amino acid transporters. In the present study, we tested the hypothesis that Cys and homocysteine (Hcy) S-conjugates of methylmercury (CH(3)Hg-S-Cys and CH(3)Hg-S-Hcy, respectively) mimic one or more amino acids at the site of the Na(+)-dependent amino acid transporter, system B(0,+). In the kidneys, system B(0,+) is situated on the luminal plasma membrane of proximal tubular epithelial cells. To test our hypothesis, we measured uptake of CH(3)Hg-S-Cys and CH(3)Hg-S-Hcy in Xenopus laevis oocytes injected with water or capped RNA encoding mouse ATB(0,+). Analyses of time course, substrate specificity, and saturation kinetics showed that the uptake of CH(3)Hg-S-Cys and CH(3)Hg-S-Hcy was 5- to 10-fold greater in oocytes expressing ATB(0,+) than in corresponding water-injected controls. Moreover, the transport of CH(3)Hg-S-Cys and CH(3)Hg-S-Hcy was inhibited by substrates transported by system B(0,+). Finally, our data indicate that CH(3)Hg-S-Cys and CH(3)Hg-S-Hcy may mimic of one or more amino acids (e.g., methionine) that are normally transported by system B(0,+). To our knowledge, this is the first report implicating system B(0,+) in the transport of any mercuric species.",,,10.1124/jpet.106.109371,The Journal of pharmacology and experimental therapeutics,,2006-08-24,16926263,,"System b0,+ and the transport of thiol-s-conjugates of methylmercury.",,"Bridges, Christy C, CC; Zalups, Rudolfs K, RK","Mercer University School of Medicine, 1550 College Street, Macon, GA 31207, USA. bridges_cc@mercer.edu; None"
"Recently, the activity of the organic anion transporter 1 (OAT1) protein has been implicated in the basolateral uptake of inorganic mercuric species in renal proximal tubular cells. Unfortunately, very little is known about the role of OAT1 in the renal epithelial transport of organic forms of mercury, such as methylmercury (CH(3)Hg(+)). Homocysteine (Hcy) S-conjugates of methylmercury [(S)-(3-amino-3-carboxypropylthio)(methyl)mercury (CH(3)Hg-Hcy)] have been identified recently as being potentially important biologically relevant forms of mercury. Thus, the present study was designed to characterize the transport of CH(3)Hg-Hcy in Madin-Darby canine kidney (MDCK) cells (which are derived from the distal nephron) that were transfected stably with the human isoform of OAT1 (hOAT1). Data on saturation kinetics, time dependence, substrate specificity, and temperature dependence demonstrated that CH(3)Hg-Hcy is a transportable substrate of hOAT1. However, substrate-specificity data from the control MDCK cells also showed that CH(3)Hg-Hcy is a substrate of one or more transporter(s) that is/are not hOAT1. Additional findings indicated that at least one amino acid transport system was probably responsible for this transport. It is noteworthy that the activity of amino acid transporters accounted for the greatest level of uptake of CH(3)Hg-Hcy in the hOAT1-expressing cells. Furthermore, rates of survival of the hOAT1-transfected MDCK cells were significantly lower than those of corresponding control MDCK cells when they were exposed to cytotoxic concentrations of CH(3)Hg-Hcy. Collectively, the present data indicate that CH(3)Hg-Hcy is a transportable substrate of OAT1 and amino acid transporters and, thus, is probably a transportable mercuric species taken up in vivo by proximal tubular epithelial cells.",,,10.1124/jpet.105.090530,The Journal of pharmacology and experimental therapeutics,,2005-08-06,16081680,,Handling of the homocysteine S-conjugate of methylmercury by renal epithelial cells: role of organic anion transporter 1 and amino acid transporters.,,"Zalups, Rudolfs K, RK; Ahmad, Sarfaraz, S","Division of Basic Medical Sciences, Mercer University School of Medicine, Macon, GA 31207, USA. zalups_rk@mercer.edu; None"
"Recent studies have implicated the activity of the organic anion transporter 1 (OAT1) protein in the basolateral uptake of inorganic mercuric species in renal proximal tubular epithelial cells. However, very little is known about the potential role of OAT1 (and other OATs) in the renal epithelial transport of organic forms of mercury such as methylmercury (CH(3)Hg(+)). The present investigation was designed to study the transport of N-acetyl cysteine (NAC) S-conjugates of both methylmercury (CH(3)Hg-NAC) and inorganic mercury (NAC-Hg-NAC) in renal epithelial cells [Madin-Darby canine kidney (MDCK) cells] stably transfected with the human isoform of OAT1 (hOAT1). These mercuric species were studied because numerous mercapturates have been shown to be substrates of OATs. Data on saturation kinetics, time dependence, substrate specificity, and temperature dependence for the transport of CH(3)Hg-NAC and NAC-Hg-NAC indicate that both of these two mercuric species are indeed transportable substrates of hOAT1. Substrate specificity data also show that CH(3)Hg-NAC is a substrate of a transporter in MDCK cells that is not hOAT1. These data indicate that an amino acid carrier system is a likely candidate responsible for this transport. Furthermore, the rates of survival of the hOAT1-transfected MDCK cells were significantly lower than those of corresponding control MDCK cells when they were exposed to cytotoxic concentrations of CH(3)Hg-NAC or NAC-Hg-NAC. Collectively, the present data support the hypothesis that CH(3)Hg-NAC and NAC-Hg-NAC are transportable substrates of OAT1 and thus potentially transportable mercuric species taken up in vivo at the basolateral membrane of proximal tubular epithelial cells.",,,10.1124/jpet.105.086645,The Journal of pharmacology and experimental therapeutics,,2005-05-24,15908511,,Transport of N-acetylcysteine s-conjugates of methylmercury in Madin-Darby canine kidney cells stably transfected with human isoform of organic anion transporter 1.,,"Zalups, Rudolfs K, RK; Ahmad, Sarfaraz, S","Division of Basic Medical Sciences, Mercer University, School of Medicine, Macon, GA 31207, USA. zalups_rk@mercer.edu; None"
"As part of a project to develop treatment agents for cocaine abuse, (+/-)-threo-methylphenidate (TMP) and 11 analogs were characterized biochemically and behaviorally to assess their potential as anti-cocaine medications. The compounds contained aryl and/or nitrogen substitutions, and/or replacement of the ester function by an alcohol or ether. All of the analogs, except for the N-methyl-substituted compounds, showed increased inhibitory potency against (3)H-(-)-2-beta-carbomethoxy-3-beta-(4-fluorophenyl)tropane 1,5-naphthalenedisulfonate ([(3)H]WIN 35,428) ([(3)H]WIN) binding to the dopamine transporter, compared with TMP. In general, parallel results were obtained for inhibition of [(3)H]dopamine ([(3)H]DA) uptake. Although compounds with N-substitutions were proportionally less potent at blocking DA uptake than WIN binding (compared with the unsubstituted compounds), one such compound that was 6-fold more potent against [(3)H]WIN binding than [(3)H]DA uptake did not attenuate inhibition by cocaine of synaptosomal [(3)H]DA transport. The compounds were significantly less potent in displacing [(3)H]citalopram binding from the serotonin transporter. In cocaine discrimination studies in rats, all but two of the analogs (both N-substituted) completely generalized with the cocaine stimulus. Robust positive correlations were observed between potency in the drug discrimination assay and activity at the dopamine transporter, but not the serotonin transporter. When tested for their ability to alter cocaine discrimination, four of the analogs (three of which had N-substitutions and shallow dose-response curves as cocaine substitutes) actually enhanced cocaine discrimination, often at combined doses of cocaine and test compound that were inactive when given separately. Taken together, the results suggest that TMP analogs may have potential as substitution therapies for the treatment of cocaine abuse.",,,10.1124/jpet.301.2.527,The Journal of pharmacology and experimental therapeutics,,2002-04-19,11961053,,Biochemical and behavioral characterization of novel methylphenidate analogs.,,"Schweri, M M, MM; Deutsch, H M, HM; Massey, A T, AT; Holtzman, S G, SG","Division of Basic Medical Sciences, Mercer University School of Medicine, Macon, Georgia 31207, USA. schweri_mm@mercer.edu; None; None; None"
"Metallothioneins are encoded by a family of genes that are induced by inorganic mercury. Despite the well-characterized acute response of metallothionein (MT) genes in the kidneys and liver after a single exposure to inorganic mercury, relatively little is known about the activity of these genes and the content of MT protein during prolonged periods after exposure. Rats treated with inorganic mercury accumulate mercury rapidly in kidneys and liver during the first 24 h after exposure, but only in the kidneys does the content of mercury remain elevated throughout the initial 2 weeks. We report herein that transcription of MT genes in response to treatment with inorganic mercury differs dramatically between the kidneys and liver. MT gene transcription and levels of MT protein remained elevated in the kidneys throughout 14 days after treatment. In contrast, the initially high rates of MT gene transcription and enhanced content of MT protein in the liver fell to control levels by 14 days. In the liver, the rates of MT gene transcription and levels of MT protein were strongly correlated with each other and with the content of mercury. In the kidneys, however, these correlations were very weak or absent. Our data indicate that hepatic levels of MT protein are determined primarily by MT gene transcription, but that post-transcriptional events are important in determining the renal content of MT protein during the initial weeks after exposure. This has important implications in understanding differences in mechanisms controlling MT expression in the kidneys and liver.",,,,The Journal of pharmacology and experimental therapeutics,,2000-09-19,10991963,,Temporal changes in metallothionein gene transcription in rat kidney and liver: relationship to content of mercury and metallothionein protein.,,"Zalups, R K, RK; Koropatnick, J, J","Division of Basic Medical Sciences, Mercer University School of Medicine, Macon, Georgia, USA. zalups.rk@gain.mercer.edu; None"
"Mercury is unique among the heavy metals in that it can exist in several physical and chemical forms, including elemental mercury, which is a liquid at room temperature. All forms of mercury have toxic effects in a number of organs, especially in the kidneys. Within the kidney, the pars recta of the proximal tubule is the most vulnerable segment of the nephron to the toxic effects of mercury. The biological and toxicological activity of mercurous and mercuric ions in the kidney can be defined largely by the molecular interactions that occur at critical nucleophilic sites in and around target cells. Because of the high bonding affinity between mercury and sulfur, there is particular interest in the interactions that occur between mercuric ions and the thiol group(s) of proteins, peptides and amino acids. Molecular interactions with sulfhydryl groups in molecules of albumin, metallothionein, glutathione, and cysteine have been implicated in mechanisms involved in the proximal tubular uptake, accumulation, transport, and toxicity of mercuric ions. In addition, the susceptibility of target cells in the kidneys to the injurious effects of mercury is modified by a number of intracellular and extracellular factors relating to several thiol-containing molecules. These very factors are the theoretical basis for most of the currently employed therapeutic strategies. This review provides an update on the current body of knowledge regarding the molecular interactions that occur between mercury and various thiol-containing molecules with respect to the mechanisms involved in the renal cellular uptake, accumulation, elimination, and toxicity of mercury.",,,,Pharmacological reviews,,2000-03-04,10699157,,Molecular interactions with mercury in the kidney.,,"Zalups, R K, RK","Division of Basic Medical Sciences, Mercer University School of Medicine, Macon, Georgia, USA."
"MicroRNAs (miRNAs) regulate multiple molecular pathways vital for the hallmarks of cancer with a high degree of biochemical specificity and potency. By restoring tumor suppressive miRNAs or ablating oncomiRs, miRNA-based therapies can sensitize cancer cells to conventional cytotoxins and the molecularly targeted drugs by promoting apoptosis and autophagy, reverting epithelial-to-mesenchymal transition, suppressing tumor angiogenesis, and downregulating efflux transporters. The development of miRNA-based therapeutics in combination with small-molecule anticancer drugs provides an unprecedented opportunity to counteract chemoresistance and improve treatment outcome in a broad range of human cancers. This review summarizes the mechanisms and advantages for the combination therapies involving miRNAs and small-molecule drugs, as well as the recent advances in the co-delivery nanocarriers for these agents. ",,Copyright © 2014 Elsevier B.V. All rights reserved.,10.1016/j.addr.2014.09.010,Advanced drug delivery reviews,,2014-10-05,25281917,,Combination of microRNA therapeutics with small-molecule anticancer drugs: mechanism of action and co-delivery nanocarriers.,Anti-miR; Co-delivery; Combination therapy; MicroRNA mimic; Nanocarrier; Small-molecule anticancer drug,"Dai, Xin, X; Tan, Chalet, C","Cancer Nanomedicine Laboratory, Department of Pharmaceutical Sciences, Mercer University College of Pharmacy, 3001 Mercer University Drive, Atlanta, GA 30341, USA.; Cancer Nanomedicine Laboratory, Department of Pharmaceutical Sciences, Mercer University College of Pharmacy, 3001 Mercer University Drive, Atlanta, GA 30341, USA. Electronic address: tan_c@mercer.edu."
"Curcumin, the natural yellow pigment extracted from the rhizomes of the plant curcuma longa, has been demonstrated to exhibit a variety of potent beneficial effects, acting as an antioxidant, anti-inflammatory and anti-fibrotic. In this study we tested the hypothesis that curcumin attenuates maladaptive cardiac repair and improves cardiac function after ischaemia and reperfusion by reducing degradation of extracellular matrix (ECM) and inhibiting synthesis of collagens via TGFβ/Smad-mediated signalling pathway.
Sprague-Dawley rats were subjected to 45 min of ischaemia followed by 7, 21 and 42 days of reperfusion respectively. Curcumin was fed orally at a dose of 150 mg·kg(-1) ·day(-1) only during reperfusion.
Curcumin reduced the level of malondialdehyde, inhibited activity of MMPs, preserved ECM from degradation and attenuated collagen deposition, as it reduced the extent of collagen-rich scar and increased mass of viable myocardium. In addition to reducing collagen synthesis and fibrosis in the ischaemic/reperfused myocardium, curcumin significantly down-regulated the expression of TGFβ1 and phospho-Smad2/3, and up-regulated Smad7 and also increased the population of α-smooth muscle actin expressing myofibroblasts within the infarcted myocardium relative to the control. Echocardiography showed it significantly improved left ventricular end-diastolic volume, stroke volume and ejection fraction. The wall thickness of the infarcted middle anterior septum in the curcumin group was also greater than that in the control group.
Dietary curcumin is effective at inhibiting maladaptive cardiac repair and preserving cardiac function after ischaemia and reperfusion. Curcumin has potential as a treatment for patients who have had a heart attack.",,© 2012 The Authors. British Journal of Pharmacology © 2012 The British Pharmacological Society.,10.1111/j.1476-5381.2012.02109.x,British journal of pharmacology,,2012-07-25,"22823335
20298933
12860564
18048761
19506318
15563525
20649560
20516541
16435072
18600365
20522804
12555141
18292809
20061443
17109837
15822192
20601462
17950150
2154182
19225048
15793629
16817025
10080489
17513491
7639329
9647462
20160437
10434043
10769285
15200418
19933949
20649561
16107248
16935520
18034274
20650957
19153099
19050008
12103373
20717830
17673563",,Curcumin promotes cardiac repair and ameliorates cardiac dysfunction following myocardial infarction.,,"Wang, Ning-Ping, NP; Wang, Zhang-Feng, ZF; Tootle, Stephanie, S; Philip, Tiji, T; Zhao, Zhi-Qing, ZQ","Cardiovascular Research Laboratory, Mercer University School of Medicine, Savannah, GA 31404, USA.; None; None; None; None"
"DNA methylation plays a critical role in the regulation of gene expression, genomic DNA stability, cell proliferation, and malignant transformation. Common cellular features including fast tissue expansion, invasive growth, and active angiogenesis, have been noticed between placental development and tumorigenesis by many investigators. While the DNA hypomethylation and transcriptional activation of LINE-1 has been found to be a feature of tumorigenesis, it is not clear if similar changes could be involved in placental development. In this study, we assessed LINE-1 methylation in human placentas from different gestational ages and observed a significant decrease of LINE-1 methylation levels in third trimester placentas compared to first trimester placentas. Accompanying with this change is the significantly increased LINE-1 mRNA levels in third trimester placentas. Since no global DNA methylation change was detected between first and third trimesters, LINE-1 methylation changes appeared to be a specific epigenetic entity contributing to placental development. Indeed, further analyses showed that LINE-1 upregulation was correlated with higher levels of PCNA, suggesting a link between LINE-1 activation and fast proliferation of certain cellular components in third trimester placentas. Measurement of the DNMT1, DNMT3A, and DNMT3B expression found a significant reduction of DNMT3B between third and first trimesters, pointing to the possible involvement of this enzyme in the regulation of LINE-1 methylation. Taken together these results provided evidence for a dynamic temporal regulation of LINE-1 methylation and activation during placental development. These studies have laid a foundation for future investigation on the function of LINE-1 expression in human placenta under different patho-physiological conditions. ",,,10.1371/journal.pone.0096994,PloS one,,2014-05-14,"24821186
15056671
19772661
11700292
20215437
15043753
11748635
21425205
19487571
11257100
8247133
9918768
11498573
11753500
21273368
16670018
22005006
7079182
16030158
15721400
17309057
15959557
11691937
15805266
14628287
23333240
15480421
16877821
21345368
6856456
19880689
12897783
17237820
16170379
15016989
17468180
15608246
17045745
12594811
15806170
11253064
11846609
14972444
17043645
15661247
10607616
15180700
17068222
1943996
14530963
11782440
1423599",,Transition of LINE-1 DNA methylation status and altered expression in first and third trimester placentas.,,"He, Zhi-ming, ZM; Li, Jinping, J; Hwa, Yi Lisa, YL; Brost, Brian, B; Fang, Qun, Q; Jiang, Shi-Wen, SW","Fetal Medicine Center, Department of Obstetrics and Gynecology, The First Affiliated Hospital of Sun Yat-Sen University, Guangzhou, Guangdong, China; Department of Biological Science, Mercer University School of Medicine, Savannah, Georgia, United States of America.; Department of Biological Science, Mercer University School of Medicine, Savannah, Georgia, United States of America; Department of Obstetrics and Gynecology, Mayo Clinic and Mayo College of Medicine, Rochester, Minnesota, United States of America; Department of Obstetrics and Gynecology, Memorial Health University Medical Center, Savannah, Georgia, United States of America.; Department of Medicine, Mayo Clinic and Mayo College of Medicine, Rochester, Minnesota, United States of America.; Department of Obstetrics and Gynecology, Mayo Clinic and Mayo College of Medicine, Rochester, Minnesota, United States of America.; Fetal Medicine Center, Department of Obstetrics and Gynecology, The First Affiliated Hospital of Sun Yat-Sen University, Guangzhou, Guangdong, China.; Department of Biological Science, Mercer University School of Medicine, Savannah, Georgia, United States of America; Department of Obstetrics and Gynecology, Mayo Clinic and Mayo College of Medicine, Rochester, Minnesota, United States of America; Department of Obstetrics and Gynecology, Memorial Health University Medical Center, Savannah, Georgia, United States of America."
"The results of prostate specific antigen (PSA) and digital rectal examination (DRE) screenings lead to both under and over treatment of prostate cancer (PCa). As such, there is an urgent need for the identification and evaluation of new markers for early diagnosis and disease prognosis. Studies have shown a link between PCa, lipids and lipid metabolism. Therefore, the aim of this study was to examine the concentrations and distribution of serum lipids in patients with PCa as compared with serum from controls.
Using Electrospray ionization mass spectrometry (ESI-MS/MS) lipid profiling, we analyzed serum phospholipids from age-matched subjects who were either newly diagnosed with PCa or healthy (normal).
We found that cholester (CE), dihydrosphingomyelin (DSM), phosphatidylcholine (PC), egg phosphatidylcholine (ePC) and egg phosphatidylethanolamine (ePE) are the 5 major lipid groups that varied between normal and cancer serums. ePC 38:5, PC 40:3, and PC 42:4 represent the lipids species most prevalent in PCa as compared with normal serum. Further analysis revealed that serum ePC 38:5 ≥0.015 nmoles, PC 40.3 ≤0.001 nmoles and PC 42:4 ≤0.0001 nmoles correlated with the absence of PCa at 94% prediction. Conversely, serum ePC 38:5 ≤0.015 nmoles, PC 40:3 ≥0.001 nmoles, and PC 42:4 ≥0.0001 nmoles correlated with the presence of PCa.
In summary, we have demonstrated that ePC 38:5, PC 40:3, and PC 42:4 may serve as early predictive serum markers for the presence of PCa.","In summary, we have demonstrated that ePC 38:5, PC 40:3, and PC 42:4 may serve as early predictive serum markers for the presence of PCa.",,10.1371/journal.pone.0088841,PloS one,"Using Electrospray ionization mass spectrometry (ESI-MS/MS) lipid profiling, we analyzed serum phospholipids from age-matched subjects who were either newly diagnosed with PCa or healthy (normal).",2014-03-08,"24603597
20953865
13671378
17210984
22514016
22323623
22781428
19781717
10667474
12077151
14969487
16113768
21442313
12648986
12612178
19297565
15941488
16113769
10584888
22101258
15535436
9122196
15077723
15163773
12584122
14500614
7598068
12642065
17164146
18452640
8472349
16843506
21518693
22921309
18996872
11459866
22029759
2606932
15522827
19038984
24281110
11029994
22539669","We found that cholester (CE), dihydrosphingomyelin (DSM), phosphatidylcholine (PC), egg phosphatidylcholine (ePC) and egg phosphatidylethanolamine (ePE) are the 5 major lipid groups that varied between normal and cancer serums. ePC 38:5, PC 40:3, and PC 42:4 represent the lipids species most prevalent in PCa as compared with normal serum. Further analysis revealed that serum ePC 38:5 ≥0.015 nmoles, PC 40.3 ≤0.001 nmoles and PC 42:4 ≤0.0001 nmoles correlated with the absence of PCa at 94% prediction. Conversely, serum ePC 38:5 ≤0.015 nmoles, PC 40:3 ≥0.001 nmoles, and PC 42:4 ≥0.0001 nmoles correlated with the presence of PCa.",A novel three serum phospholipid panel differentiates normal individuals from those with prostate cancer.,,"Patel, Nima, N; Vogel, Robert, R; Chandra-Kuntal, Kumar, K; Glasgow, Wayne, W; Kelavkar, Uddhav, U","Department of Laboratory Oncology Research, Memorial University Medical Center (MUMC) and Mercer University School of Medicine (MUSM), Anderson Cancer Institute, Savannah, Georgia, United States of America.; Georgia Southern University, Statesboro, Georgia, United States of America.; Department of Laboratory Oncology Research, Memorial University Medical Center (MUMC) and Mercer University School of Medicine (MUSM), Anderson Cancer Institute, Savannah, Georgia, United States of America.; Department of Laboratory Oncology Research, Memorial University Medical Center (MUMC) and Mercer University School of Medicine (MUSM), Anderson Cancer Institute, Savannah, Georgia, United States of America.; Department of Laboratory Oncology Research, Memorial University Medical Center (MUMC) and Mercer University School of Medicine (MUSM), Anderson Cancer Institute, Savannah, Georgia, United States of America."
"Glioblastoma multiforme (GBM) accounts for about 38% of primary brain tumors in the United States. GBM is characterized by extensive angiogenesis induced by vascular growth factors and cytokines. The transcription of these growth factors and cytokines is regulated by the Hypoxia-Inducible-Factor-1(HIF-1), which is a key regulator mediating the cellular response to hypoxia. It is known that Factor Inhibiting HIF-1, or FIH-1, is also involved in the cellular response to hypoxia and has the capability to physically interact with HIF-1 and block its transcriptional activity under normoxic conditions. Delineation of the regulatory role of FIH-1 will help us to better understand the molecular mechanism responsible for tumor growth and progression and may lead to the design of new therapies targeting cellular pathways in response to hypoxia. Previous studies have shown that the chromosomal region of 10q24 containing the FIH-1 gene is often deleted in GBM, suggesting a role for the FIH-1 in GBM tumorigenesis and progression. In the current study, we found that FIH-1 is able to inhibit HIF-mediated transcription of GLUT1 and VEGF-A, even under hypoxic conditions in human glioblastoma cells. FIH-1 has been found to be more potent in inhibiting HIF function than PTEN. This observation points to the possibility that deletion of 10q23-24 and loss or decreased expression of FIH-1 gene may lead to a constitutive activation of HIF-1 activity, an alteration of HIF-1 targets such as GLUT-1 and VEGF-A, and may contribute to the survival of cancer cells in hypoxia and the development of hypervascularization observed in GBM. Therefore FIH-1 can be potential therapeutic target for the treatment of GBM patients with poor prognosis. ",,,10.1371/journal.pone.0086102,PloS one,,2014-01-28,"24465898
20434368
11641274
15302861
17178898
15952883
11595184
12215170
9368100
9090379
15068665
10353251
12446723
8756616
12086860
10691731
11274365
9690672
9591629
15313402
7539918
9072974
16170373
9619835
11959990
12432100
16609043
12456339
12826827
11292862
16154531
12573436
12829158
8641967
14701857
12080085
8651304
10653004
12639980
9027737
21743824
18952979
15906272
15674480
15822813
19801654
15313390
11358837
11390353
8917528
12042299
9499454
14734545
11504942
9822602
11240261
8370584
19138031
9840812",,The role of factor inhibiting HIF (FIH-1) in inhibiting HIF-1 transcriptional activity in glioblastoma multiforme.,,"Wang, Enfeng, E; Zhang, Chunyang, C; Polavaram, Navatha, N; Liu, Fengming, F; Wu, Gang, G; Schroeder, Mark A, MA; Lau, Julie S, JS; Mukhopadhyay, Debabrata, D; Jiang, Shi-Wen, SW; O'Neill, Brian Patrick, BP; Datta, Kaustubh, K; Li, Jinping, J","Department of Biochemistry and Molecular Biology, Mayo Clinic Cancer Center, Rochester, Minnesota, United States of America.; Department of Neuro-Surgery, the First Affiliated Hospital of Baotou Medical College, Baotou, China.; Department of Biochemistry and Molecular Biology and Eppley Cancer Center, University of Nebraska Medical Center, Omaha, Nebraska, United States of America.; Department of Research and Development, Guangxi Medicinal Botanical Institute, Nanning, Guangxi, China.; Department of Biochemistry and Molecular Biology, Mayo Clinic Cancer Center, Rochester, Minnesota, United States of America.; Department of Radiation Oncology, Mayo Clinic Cancer Center, Rochester, Minnesota, United States of America.; Department of Biochemistry and Molecular Biology, Mayo Clinic Cancer Center, Rochester, Minnesota, United States of America.; Department of Biochemistry and Molecular Biology, Mayo Clinic Cancer Center, Rochester, Minnesota, United States of America.; Department of Biomedical Science, Mercer University School of Medicine, Savannah, Georgia, United States of America ; Department of Obstetrics and Gynecology, Memorial Health Hospital, Savannah, Georgia, United States of America.; Department of Biochemistry and Molecular Biology, Mayo Clinic Cancer Center, Rochester, Minnesota, United States of America.; Department of Biochemistry and Molecular Biology and Eppley Cancer Center, University of Nebraska Medical Center, Omaha, Nebraska, United States of America.; Department of Biomedical Science, Mercer University School of Medicine, Savannah, Georgia, United States of America ; Department of Obstetrics and Gynecology, Memorial Health Hospital, Savannah, Georgia, United States of America."
"Multidrug resistance-associated proteins (MRP) 2 and 4 are localized in proximal tubular epithelial cells and participate in the renal elimination of xenobiotics. MRP2 has also been implicated in the renal and hepatic elimination of mercury. The current study tested the hypothesis that MRP2 and MRP4 are involved in renal and hepatic handling of inorganic mercury (Hg(2+)). We examined the disposition of Hg(2+) in Mrp2(-/-) mice and assessed the transport of mercuric conjugates in inside-out membrane vesicles containing human MRP4. Since MRP2 has been shown to utilize glutathione (GSH) for transport of select substrates, we examined renal concentrations of GSH and cysteine and the expression of glutamate cysteine ligase (GCL) in Mrp2(-/-) and FVB mice. The effect of Hg(2+) exposure on renal GSH levels was also assessed in these mice. Our data suggest that MRP2, but not MRP4, is involved in proximal tubular export of Hg(2+). In addition, GSH levels are greater in Mrp2(-/-) mice and exposure to Hg(2+) reduced renal levels of GSH. Expression of GCL was also altered in Mrp2(-/-) mice under normal conditions and following exposure to HgCl2. This study provides important novel data regarding the transport of Hg(2+) and the effect of Hg(2+) exposure on GSH levels. ",,,10.1371/journal.pone.0073559,PloS one,,2013-09-17,"24039982
17940195
19904718
10699157
2395124
3965655
3657520
21134393
18511429
21783896
16421286
8845010
7503776
10496953
11856762
18691054
10361853
21424617
1351382
11197511
17005917
16150593
14978168
20582853
18812186
8806884
22197475
10220572
9585089
2444983
16079298
8917676",,Glutathione status and the renal elimination of inorganic mercury in the Mrp2(-/-) mouse.,,"Bridges, Christy C, CC; Joshee, Lucy, L; van den Heuvel, Jeroen J M W, JJ; Russel, Frans G M, FG; Zalups, Rudolfs K, RK","Mercer University School of Medicine, Division of Basic Medical Sciences, Macon, Georgia, United States of America.; None; None; None; None"
"Despite the promising anticancer efficacy observed in preclinical studies, paclitaxel and tanespimycin (17-AAG) combination therapy has yielded meager responses in a phase I clinical trial. One serious problem associated with paclitaxel/17-AAG combination therapy is the employment of large quantities of toxic organic surfactants and solvents for drug solubilization. The goal of this study was to evaluate a micellar formulation for the concurrent delivery of paclitaxel and 17-AAG in vivo.
Paclitaxel/17-AAG-loaded micelles were assessed in mice bearing human ovarian tumor xenografts. Compared with the free drugs at equivalent doses, intravenous administration of paclitaxel/17-AAG-loaded micelles led to 3.5- and 1.7-fold increase in the tumor concentrations of paclitaxel and 17-AAG, respectively, without significant altering drug levels in normal organs. The enhanced tumor accumulation of the micellar drugs was further confirmed by the whole-body near infrared imaging using indocyanine green-labeled micelles. Subsequently, the anticancer efficacy of paclitaxel/17-AAG-loaded micelles was examined in comparison with the free drugs (weekly 20 mg/kg paclitaxel, twice-weekly 37.5 mg/kg 17-AAG). We found that paclitaxel/17-AAG-loaded micelles caused near-complete arrest of tumor growth, whereas the free drug-treated tumors experienced rapid growth shortly after the 3-week treatment period ended. Furthermore, comparative metabolomic profiling by proton nuclear magnetic resonance revealed significant decrease in glucose, lactate and alanine with simultaneous increase in glutamine, glutamate, aspartate, choline, creatine and acetate levels in the tumors of mice treated with paclitaxel/17-AAG-loaded micelles.
We have demonstrated in the current wok a safe and efficacious nano-sized formulation for the combined delivery of paclitaxel and 17-AAG, and uncovered unique metabolomic signatures in the tumor that correlate with the favorable therapeutic response to paclitaxel/17-AAG combination therapy.",,,10.1371/journal.pone.0058619,PloS one,,2013-03-19,"23505544
22434060
18775299
20564488
2946403
8616858
21127244
18199556
22215907
18257595
15173077
21820041
16815554
20921363
22439925
11345645
11389998
18758474
18177721
17596572
11489796
12727831
21118030
19409432
13601749
22089420
18538731
20687545
9521889
18519777",,"Combined delivery of paclitaxel and tanespimycin via micellar nanocarriers: pharmacokinetics, efficacy and metabolomic analysis.",,"Katragadda, Usha, U; Fan, Wei, W; Wang, Yingzhe, Y; Teng, Quincy, Q; Tan, Chalet, C","Cancer Nanomedicine Laboratory, Department of Pharmaceutical Sciences, College of Pharmacy and Health Sciences, Mercer University, Atlanta, Georgia, United States of America.; None; None; None; None"
"Nontypeable Haemophilus influenzae (NTHi) are human-adapted commensal bacteria that can cause a number of chronic mucosal infections, including otitis media and bronchitis. One way for these organisms to survive antibiotic therapy and cause recurrent disease is to stop replicating, as most antimicrobials target essential biosynthetic pathways. Toxin-antitoxin (TA) gene pairs have been shown to facilitate entry into a reversible bacteriostatic state. Characteristically, these operons encode a protein toxin and an antitoxin that associate following translation to form a nontoxic complex, which then binds to and regulates the cognate TA promoter. Under stressful conditions, the labile antitoxin is degraded and the complex disintegrates, freeing the stable toxin to facilitate growth arrest. How these events affected the regulation of the TA locus, as well as how the transcription of the operon was subsequently returned to its normal state upon resumption of growth, was not fully understood. Here we show that expression of the NTHi vapBC-1 TA locus is repressed by a complex of VapB-1 and VapC-1 under conditions favorable for growth, and activated by the global transactivator Factor for Inversion Stimulation (Fis) upon nutrient upshift from stationary phase. Further, we demonstrate for the first time that the VapC-1 toxin alone can bind to its cognate TA locus control region and that the presence of VapB-1 directs the binding of the VapBC-1 complex in the transcriptional regulation of vapBC-1.",,,10.1371/journal.pone.0032199,PloS one,,2012-03-20,"22427824
16963779
17045294
9917385
18984618
11812843
20011113
20498855
18178221
6162838
15117742
17496075
21036780
19445953
17143318
11750131
9396807
19400780
19028895
15716427
18952600
265521
15228542
12761130
21738782
1619650
15718296
3547567
1459953
15388878
16513738
16257530
20876537",,Regulation of the vapBC-1 toxin-antitoxin locus in nontypeable Haemophilus influenzae.,,"Cline, Susan D, SD; Saleem, Sehresh, S; Daines, Dayle A, DA","Division of Basic Medical Sciences, Mercer University School of Medicine, Macon, Georgia, United States of America.; None; None"
"To explain how baccalaureate-prepared acute care nurses understand, adapt to, and negotiate challenge and change in acute care settings in the context of social and structural features and consequently develop career persistence there.
Grounded theory method based on the research of Strauss and Corbin.
A research team conducted open-ended interviews with a theoretic sample of 19 new and experienced baccalaureate-prepared (BSN) nurses in the southeast United States during 2007 and 2008 until saturation was achieved. Interviews were audiotaped and transcribed verbatim. Constant comparative method was used to analyze data to three increasingly abstract levels culminating in theory emergence. A diagram was developed to better understand relationships and processes.
A central category, building professional resilience, emerged as the central social process with three core processes of verifying fit, stage setting, and optimizing the environment contributing to career persistence in acute care. Core processes include skills and practices nurses have learned to negotiate changing acute care environments while sustaining patient advocacy. Definitions, properties, and dimensions of each were established.
The study offers a systematic framework for understanding and promoting career persistence for acute care nurses. Findings broaden theories of resilience to the unique settings of acute care nursing and further extend theoretical understanding of the nursing shortage and market issues of supply and demand.
A middle range theory of professional resilience and career persistence makes visible skills and practices acute-care nurses use to weather continuous change and challenge in health care. Teachable practices can be integrated into nursing education and staff development to improve professional career longevity of experienced nurses at the bedside.",,,10.1111/j.1547-5069.2009.01325.x,Journal of nursing scholarship : an official publication of Sigma Theta Tau International Honor Society of Nursing,,2010-05-22,20487190,,Career persistence in baccalaureate-prepared acute care nurses.,,"Hodges, Helen F, HF; Troyan, Patricia J, PJ; Keeley, Ann C, AC","Georgia Baptist College of Nursing of Mercer University, Atlanta, Georgia 30341, US. Hodges_hf@mercer.edu; None; None"
"This paper reports findings of a study to examine the independent contribution of chest pain, fatigue and dyspnoea to health-related quality of life in people with chronic stable angina.
People with chronic stable angina experience poorer quality of life in multiple areas including physical and emotional health. Emerging evidence suggests the presence of concomitant symptoms yet there are no systematic studies examining the impact of symptom clusters on quality of life in people with chronic angina.
Outpatients (n = 134), recruited over a 16-month period in 2000 and 2001, with confirmed coronary heart disease and chronic angina completed reliable and valid questionnaires measuring chest pain frequency, fatigue, dyspnoea and quality of life. The data have contemporary relevance because despite changes in treatment of coronary heart disease, chronic angina remains prevalent worldwide. Hierarchical multiple linear regression was used to examine the symptom cluster of chest pain frequency, fatigue and dyspnoea in predicting quality of life.
The sample was predominantly white (74·6%), men (59·7%) with a mean age of 63·4 (sd 12·12) years. Controlling for age, gender, social status and co-morbidities, the symptom cluster of chest pain frequency, dyspnoea and fatigue accounted for a statistically significant increase in unadjusted R² (F of Δ, P < 0·05) for the models predicting physical limitation (R² Δ 24·1%), disease perception (R² Δ 24·6%), Short Form-36 Physical Component Score (R² Δ 24·3%) and Mental Component Score (R² Δ 07·0%).
Symptom assessment and management of people with chronic stable angina should involve multiple symptoms. Greater fatigue predicted poorer quality of life in multiple areas. As a possible indicator of depression, it warrants further assessment and follow-up.","Symptom assessment and management of people with chronic stable angina should involve multiple symptoms. Greater fatigue predicted poorer quality of life in multiple areas. As a possible indicator of depression, it warrants further assessment and follow-up.",© 2011 Blackwell Publishing Ltd.,10.1111/j.1365-2648.2010.05564.x,Journal of advanced nursing,"Outpatients (n = 134), recruited over a 16-month period in 2000 and 2001, with confirmed coronary heart disease and chronic angina completed reliable and valid questionnaires measuring chest pain frequency, fatigue, dyspnoea and quality of life. The data have contemporary relevance because despite changes in treatment of coronary heart disease, chronic angina remains prevalent worldwide. Hierarchical multiple linear regression was used to examine the symptom cluster of chest pain frequency, fatigue and dyspnoea in predicting quality of life.",2011-03-01,"21352270
2754793
15603244
12009339
16442485
19464415
19471138
14563744
16267320
9256878
17383497
16210253
10874270
17554120
17568235
14993137
19032911
2732767
9183581
11449218
16551712
12553174
16716433
2754790
11773925
12020484
8277801
19564560
18347213
16415069
14603564
19141562
15277333
3558716
7829785
18395397
18760144
11415952
12660673
17356437
17951226
19752407
1593914
7977097
18725007
7837823
16235860
19650069
16216965
6972686
15951393
18191745
11292272
16046888
15230024
16267185
18602346
18373325
15862480
10763159
17224513
12507699
7809347","The sample was predominantly white (74·6%), men (59·7%) with a mean age of 63·4 (sd 12·12) years. Controlling for age, gender, social status and co-morbidities, the symptom cluster of chest pain frequency, dyspnoea and fatigue accounted for a statistically significant increase in unadjusted R² (F of Δ, P < 0·05) for the models predicting physical limitation (R² Δ 24·1%), disease perception (R² Δ 24·6%), Short Form-36 Physical Component Score (R² Δ 24·3%) and Mental Component Score (R² Δ 07·0%).",Symptom clusters and health-related quality of life in people with chronic stable angina.,,"Kimble, Laura P, LP; Dunbar, Sandra B, SB; Weintraub, William S, WS; McGuire, Deborah B, DB; Manzo, Sharon F, SF; Strickland, Ora L, OL","Georgia Baptist College of Nursing, Mercer University, Atlanta, Georgia, USA. kimble_lp@mercer.edu; None; None; None; None; None"
"This article presents findings of a qualitative study, conducted between 1997 and 2000, to investigate the plausibility of integrating masterworks of art with care of the chronically ill elderly, and to analyse perceptions about chronic illness among three groups: registered nurses, nursing students, and the elderly.
Statistically the incidence of chronic illness increases in the elderly. Although pathophysiology of chronic illness is increasingly understood, few studies explore the experience of living with chronicity from the perspective of the elderly. Understanding and intervening appropriately for the elderly with chronic illness may contribute significantly to improving quality of life for this growing population.
The study was approved through an Institutional Review Board. Facility permission and participant informed consent were obtained. Anonymity and confidentiality were protected.
Using hermeneutic phenomenology and masterworks of art as a centre point for dialogue, the investigators explored the perceptions of nurses, students, and the elderly about living with a chronic illness. A purposive sample of 65 participants made up seven focus groups with which group interviews were conducted. Themes were explicated and analysed from audiotaped interviews until data saturation was reached.
Content analysis of focus group interviews revealed themes of social isolation, inevitable role change, and inertia-movement. Only the elderly acknowledged hope and a steadfast refusal to give up, while nurses and students viewed chronicity more negatively. Themes of social isolation and role change are consistent with other studies of the elderly. A paradox of inertia-movement in the chronically ill elderly has not been reported in the nursing literature.
Paradoxical tension of inertia-movement in the chronically ill elderly appears to be linked to the broader concept of energy in nursing science, and to Parse's theory of human becoming. Masterworks of art can generate energy exchange between the elderly and caregivers, providing a plausible catalyst for meaningful interventions that transcend age and practice settings.",,,10.1046/j.1365-2648.2001.01986.x,Journal of advanced nursing,,2001-11-01,11686753,,Masterworks of art and chronic illness experiences in the elderly.,,"Hodges, H F, HF; Keeley, A C, AC; Grier, E C, EC","Georgia Baptist College of Nursing of Mercer University, Atlanta, Georgia 30341, USA. hodges_hf@mercer.edu; None; None"
"Mental health nursing faculty are challenged to connect with students on an affective level in their courses. One important strategy to promote affective learning is to understand the experience of the family caregiver. There is relatively little student access to family caregivers of individuals who are identified as severely and persistently mentally ill. Consequently, nursing students may not appreciate the myriad psychosocial challenges and adaptations that family caregivers of these individuals are forced to make, often for a lifetime. This article describes a unique teaching strategy that promotes cognitive and affective learning while also providing students with a clear window into the dynamics of families of people with mental illness.",,"Copyright 2012, SLACK Incorporated.",10.3928/01484834-20111216-03,The Journal of nursing education,,2011-12-14,22148934,,Effects of mental illness on the family: experiential family assessment to promote students' affective learning.,,"Keeley, Ann C, AC; Chase, Lana, L","Mercer University, Atlanta, GA, USA. Keeley_AC@mercer.edu; None"
"With the call for curriculum that meets the educational needs of nurses in the 21st century, the American Association of Colleges of Nursing provided nine essentials for baccalaureate nursing education in The Essentials of Baccalaureate Education for Professional Nursing Practice, which serves as a critical guide to inform and shape baccalaureate nursing program curricula. Nursing programs must demonstrate program outcomes that reflect all of the essentials. Human patient simulation was specifically acknowledged as an appropriate educational tool for meeting these needs. This article identifies and assesses six rubrics purported to measure outcomes of human patient simulation and evaluates how these rubrics measure outcomes reflecting the baccalaureate essentials. Psychometric data were limited for the majority of the rubrics, especially validity data. The rubrics consistently failed to measure Essentials V and VII. Suggestions for how these Essentials might be integrated into the existing rubrics are provided.",,"Copyright 2011, SLACK Incorporated.",10.3928/01484834-20110715-01,The Journal of nursing education,,2011-07-15,21751764,,Human patient simulation evaluation rubrics for nursing education: measuring the Essentials of Baccalaureate Education for Professional Nursing Practice.,,"Davis, Alison H, AH; Kimble, Laura P, LP","Georgia Baptist College of Nursing of Mercer University, Atlanta, GA 30157, USA. aandgdavis@hotmail.com; None"
"Successful nurses function effectively with adaptability, improvability, and interconnectedness, and can see emerging and unpredictable complex problems. Preparing new nurses for complexity requires a significant change in prevalent but dated nursing education models for rising graduates. The science of complexity coupled with problem-based learning and peer review contributes a feasible framework for a constructivist learning environment to examine real-time systems data; explore uncertainty, inherent patterns, and ambiguity; and develop skills for unstructured problem solving. This article describes a pilot study of a problem-based learning strategy guided by principles of complexity science in a community clinical nursing course. Thirty-five senior nursing students participated during a 3-year period. Assessments included peer review, a final project paper, reflection, and a satisfaction survey. Results were higher than expected levels of student satisfaction, increased breadth and analysis of complex data, acknowledgment of community as complex adaptive systems, and overall higher level thinking skills than in previous years.",,"2011, SLACK Incorporated.",10.3928/01484834-20101029-01,The Journal of nursing education,,2010-11-09,21053861,,Preparing new nurses with complexity science and problem-based learning.,,"Hodges, Helen F, HF","Georgia Baptist College of Nursing, Mercer University, 3001 Mercer University Drive, Atlanta, GA 30341, USA. hodges_hf@mercer.edu"
"New nurses seem unable to find a means of flourishing professionally in acute care practice and, consequently, exit far earlier than expected. Worldviews of baccalaureate students have changed from previous generations; yet, the approaches to nursing education remain essentially the same. Just as clinical settings benefit from nursing theory as the basis for nursing practice and scientific inquiry, the science of nursing education would benefit from nursing theory as a basis for guiding educational practice. Parse's human science theory, the Human Becoming School of Thought, is a fitting theoretical framework for a model of teaching-learning for undergraduate baccalaureate nursing education. In addition, as a theory of dynamic relational synchrony, Parse's work provides an appropriate framework with which to promote professional resilience and career longevity by purposefully engaging students within student-faculty dyads to explore personal meanings and philosophies of caring, and to create strong professional identities.",,,10.3928/01484834-20051201-04,The Journal of nursing education,,2006-01-13,16402737,,"Professional resilience, practice longevity, and Parse's theory for baccalaureate education.",,"Hodges, Helen F, HF; Keeley, Ann C, AC; Grier, Elaine C, EC","Georgia Baptist College of Nursing of Mercer University, Atlanta 30341, USA. Hodges_HF@mercer.edu; None; None"
