Abstract,Conclusions,Copyrights,DOI,Journal,Methods,Publication_date,PubmedID,Results,Title,Keywords,Authors,Affiliations
"We previously demonstrated that 48% of patients with pain at sites of previously irradiated bone metastases benefit from reirradiation. It is unknown whether alleviating pain also improves patient perception of quality of life (QOL).
We used the database of a randomized trial comparing radiation treatment dose fractionation schedules to evaluate whether response, determined using the International Consensus Endpoint (ICE) and Brief Pain Inventory pain score (BPI-PS), is associated with patient perception of benefit, as measured using the European Organisation for Resesarch and Treatment of Cancer (EORTC) Quality of Life Questionnaire Core 30 (QLQ-C30) and functional interference scale of the BPI (BPI-FI). Evaluable patients completed baseline and 2-month follow-up assessments.
Among 850 randomly assigned patients, 528 were evaluable for response using the ICE and 605 using the BPI-PS. Using the ICE, 253 patients experienced a response and 275 did not. Responding patients had superior scores on all items of the BPI-FI (ie, general activity, mood, walking ability, normal work, relations with other people, sleep, and enjoyment of life) and improved QOL, as determined by scores on the EORTC QLQ-C30 scales of physical, role, emotional and social functioning, global QOL, fatigue, pain, and appetite. Similar results were obtained using the BPI-PS; observed improvements were typically of lesser magnitude.
Patients responding to reirradiation of painful bone metastases experience superior QOL scores and less functional interference associated with pain. Patients should be offered re-treatment for painful bone metastases in the hope of reducing pain severity as well as improving QOL and pain interference.",Patients responding to reirradiation of painful bone metastases experience superior QOL scores and less functional interference associated with pain. Patients should be offered re-treatment for painful bone metastases in the hope of reducing pain severity as well as improving QOL and pain interference.,© 2014 by American Society of Clinical Oncology.,10.1200/JCO.2014.57.6264,Journal of clinical oncology : official journal of the American Society of Clinical Oncology,,2014-10-29,"25349296
24369114
12242115
16969984
8433390
23411998
16043345
12727037
6646795
21353506
9440735
22130630
15928300
22763028
15145173
24094630
21489705
9423999
11899906","Among 850 randomly assigned patients, 528 were evaluable for response using the ICE and 605 using the BPI-PS. Using the ICE, 253 patients experienced a response and 275 did not. Responding patients had superior scores on all items of the BPI-FI (ie, general activity, mood, walking ability, normal work, relations with other people, sleep, and enjoyment of life) and improved QOL, as determined by scores on the EORTC QLQ-C30 scales of physical, role, emotional and social functioning, global QOL, fatigue, pain, and appetite. Similar results were obtained using the BPI-PS; observed improvements were typically of lesser magnitude.",Impact of reirradiation of painful osseous metastases on quality of life and function: a secondary analysis of the NCIC CTG SC.20 randomized trial.,,"Chow, Edward, E; Meyer, Ralph M, RM; Chen, Bingshu E, BE; van der Linden, Yvette M, YM; Roos, Daniel, D; Hartsell, William F, WF; Hoskin, Peter, P; Wu, Jackson S Y, JS; Nabid, Abdenour, A; Tissing-Tan, Caroline J A, CJ; Oei, Bing, B; Babington, Scott, S; Demas, William F, WF; Wilson, Carolyn F, CF; Wong, Rebecca K S, RK; Brundage, Michael, M","Edward Chow, Sunnybrook Odette Cancer Centre, University of Toronto; Rebecca K.S. Wong, Princess Margaret Hospital, Ontario Cancer Institute, University of Toronto, Toronto; Ralph M. Meyer, Juravinski Hospital and Cancer Centre and McMaster University, Hamilton; Bingshu E. Chen, Carolyn F. Wilson, and Michael Brundage, Cancer Research Institute, Queen's University, Kingston, Ontario; Jackson S.Y. Wu, Tom Baker Cancer Centre, University of Calgary, Calgary, Alberta; Abdenour Nabid, Centre Hospitalier Universitaire de Sherbrooke, Sherbrooke, Quebec, Canada; Yvette M. van der Linden, Leiden University Medical Centre, Leiden and Radiotherapy Institute Friesland, Leeuwarden; Caroline J.A. Tissing-Tan, Institute for Radiation Oncology Arnhem, Arnhem; Bing Oei, Dr Bernard Verbeeten Instituut, Tilburg, the Netherlands; Daniel Roos, Royal Adelaide Hospital, University of Adelaide, Adelaide, South Australia, Australia; William F. Hartsell, Central DuPage Hospital Cancer Center, Warrenville, IL; Peter Hoskin, Mount Vernon Hospital Cancer Centre, Middlesex, United Kingdom; Scott Babington, Christchurch Hospital, Christchurch, New Zealand; and William F. Demas, Akron City Hospital, Northeast Ohio Medical University, Akron, OH. edward.chow@sunnybrook.ca.; Edward Chow, Sunnybrook Odette Cancer Centre, University of Toronto; Rebecca K.S. Wong, Princess Margaret Hospital, Ontario Cancer Institute, University of Toronto, Toronto; Ralph M. Meyer, Juravinski Hospital and Cancer Centre and McMaster University, Hamilton; Bingshu E. Chen, Carolyn F. Wilson, and Michael Brundage, Cancer Research Institute, Queen's University, Kingston, Ontario; Jackson S.Y. Wu, Tom Baker Cancer Centre, University of Calgary, Calgary, Alberta; Abdenour Nabid, Centre Hospitalier Universitaire de Sherbrooke, Sherbrooke, Quebec, Canada; Yvette M. van der Linden, Leiden University Medical Centre, Leiden and Radiotherapy Institute Friesland, Leeuwarden; Caroline J.A. Tissing-Tan, Institute for Radiation Oncology Arnhem, Arnhem; Bing Oei, Dr Bernard Verbeeten Instituut, Tilburg, the Netherlands; Daniel Roos, Royal Adelaide Hospital, University of Adelaide, Adelaide, South Australia, Australia; William F. Hartsell, Central DuPage Hospital Cancer Center, Warrenville, IL; Peter Hoskin, Mount Vernon Hospital Cancer Centre, Middlesex, United Kingdom; Scott Babington, Christchurch Hospital, Christchurch, New Zealand; and William F. Demas, Akron City Hospital, Northeast Ohio Medical University, Akron, OH.; Edward Chow, Sunnybrook Odette Cancer Centre, University of Toronto; Rebecca K.S. Wong, Princess Margaret Hospital, Ontario Cancer Institute, University of Toronto, Toronto; Ralph M. Meyer, Juravinski Hospital and Cancer Centre and McMaster University, Hamilton; Bingshu E. Chen, Carolyn F. Wilson, and Michael Brundage, Cancer Research Institute, Queen's University, Kingston, Ontario; Jackson S.Y. Wu, Tom Baker Cancer Centre, University of Calgary, Calgary, Alberta; Abdenour Nabid, Centre Hospitalier Universitaire de Sherbrooke, Sherbrooke, Quebec, Canada; Yvette M. van der Linden, Leiden University Medical Centre, Leiden and Radiotherapy Institute Friesland, Leeuwarden; Caroline J.A. Tissing-Tan, Institute for Radiation Oncology Arnhem, Arnhem; Bing Oei, Dr Bernard Verbeeten Instituut, Tilburg, the Netherlands; Daniel Roos, Royal Adelaide Hospital, University of Adelaide, Adelaide, South Australia, Australia; William F. Hartsell, Central DuPage Hospital Cancer Center, Warrenville, IL; Peter Hoskin, Mount Vernon Hospital Cancer Centre, Middlesex, United Kingdom; Scott Babington, Christchurch Hospital, Christchurch, New Zealand; and William F. Demas, Akron City Hospital, Northeast Ohio Medical University, Akron, OH.; Edward Chow, Sunnybrook Odette Cancer Centre, University of Toronto; Rebecca K.S. Wong, Princess Margaret Hospital, Ontario Cancer Institute, University of Toronto, Toronto; Ralph M. Meyer, Juravinski Hospital and Cancer Centre and McMaster University, Hamilton; Bingshu E. Chen, Carolyn F. Wilson, and Michael Brundage, Cancer Research Institute, Queen's University, Kingston, Ontario; Jackson S.Y. Wu, Tom Baker Cancer Centre, University of Calgary, Calgary, Alberta; Abdenour Nabid, Centre Hospitalier Universitaire de Sherbrooke, Sherbrooke, Quebec, Canada; Yvette M. van der Linden, Leiden University Medical Centre, Leiden and Radiotherapy Institute Friesland, Leeuwarden; Caroline J.A. Tissing-Tan, Institute for Radiation Oncology Arnhem, Arnhem; Bing Oei, Dr Bernard Verbeeten Instituut, Tilburg, the Netherlands; Daniel Roos, Royal Adelaide Hospital, University of Adelaide, Adelaide, South Australia, Australia; William F. Hartsell, Central DuPage Hospital Cancer Center, Warrenville, IL; Peter Hoskin, Mount Vernon Hospital Cancer Centre, Middlesex, United Kingdom; Scott Babington, Christchurch Hospital, Christchurch, New Zealand; and William F. Demas, Akron City Hospital, Northeast Ohio Medical University, Akron, OH.; Edward Chow, Sunnybrook Odette Cancer Centre, University of Toronto; Rebecca K.S. Wong, Princess Margaret Hospital, Ontario Cancer Institute, University of Toronto, Toronto; Ralph M. Meyer, Juravinski Hospital and Cancer Centre and McMaster University, Hamilton; Bingshu E. Chen, Carolyn F. Wilson, and Michael Brundage, Cancer Research Institute, Queen's University, Kingston, Ontario; Jackson S.Y. Wu, Tom Baker Cancer Centre, University of Calgary, Calgary, Alberta; Abdenour Nabid, Centre Hospitalier Universitaire de Sherbrooke, Sherbrooke, Quebec, Canada; Yvette M. van der Linden, Leiden University Medical Centre, Leiden and Radiotherapy Institute Friesland, Leeuwarden; Caroline J.A. Tissing-Tan, Institute for Radiation Oncology Arnhem, Arnhem; Bing Oei, Dr Bernard Verbeeten Instituut, Tilburg, the Netherlands; Daniel Roos, Royal Adelaide Hospital, University of Adelaide, Adelaide, South Australia, Australia; William F. Hartsell, Central DuPage Hospital Cancer Center, Warrenville, IL; Peter Hoskin, Mount Vernon Hospital Cancer Centre, Middlesex, United Kingdom; Scott Babington, Christchurch Hospital, Christchurch, New Zealand; and William F. Demas, Akron City Hospital, Northeast Ohio Medical University, Akron, OH.; Edward Chow, Sunnybrook Odette Cancer Centre, University of Toronto; Rebecca K.S. Wong, Princess Margaret Hospital, Ontario Cancer Institute, University of Toronto, Toronto; Ralph M. Meyer, Juravinski Hospital and Cancer Centre and McMaster University, Hamilton; Bingshu E. Chen, Carolyn F. Wilson, and Michael Brundage, Cancer Research Institute, Queen's University, Kingston, Ontario; Jackson S.Y. Wu, Tom Baker Cancer Centre, University of Calgary, Calgary, Alberta; Abdenour Nabid, Centre Hospitalier Universitaire de Sherbrooke, Sherbrooke, Quebec, Canada; Yvette M. van der Linden, Leiden University Medical Centre, Leiden and Radiotherapy Institute Friesland, Leeuwarden; Caroline J.A. Tissing-Tan, Institute for Radiation Oncology Arnhem, Arnhem; Bing Oei, Dr Bernard Verbeeten Instituut, Tilburg, the Netherlands; Daniel Roos, Royal Adelaide Hospital, University of Adelaide, Adelaide, South Australia, Australia; William F. Hartsell, Central DuPage Hospital Cancer Center, Warrenville, IL; Peter Hoskin, Mount Vernon Hospital Cancer Centre, Middlesex, United Kingdom; Scott Babington, Christchurch Hospital, Christchurch, New Zealand; and William F. Demas, Akron City Hospital, Northeast Ohio Medical University, Akron, OH.; Edward Chow, Sunnybrook Odette Cancer Centre, University of Toronto; Rebecca K.S. Wong, Princess Margaret Hospital, Ontario Cancer Institute, University of Toronto, Toronto; Ralph M. Meyer, Juravinski Hospital and Cancer Centre and McMaster University, Hamilton; Bingshu E. Chen, Carolyn F. Wilson, and Michael Brundage, Cancer Research Institute, Queen's University, Kingston, Ontario; Jackson S.Y. Wu, Tom Baker Cancer Centre, University of Calgary, Calgary, Alberta; Abdenour Nabid, Centre Hospitalier Universitaire de Sherbrooke, Sherbrooke, Quebec, Canada; Yvette M. van der Linden, Leiden University Medical Centre, Leiden and Radiotherapy Institute Friesland, Leeuwarden; Caroline J.A. Tissing-Tan, Institute for Radiation Oncology Arnhem, Arnhem; Bing Oei, Dr Bernard Verbeeten Instituut, Tilburg, the Netherlands; Daniel Roos, Royal Adelaide Hospital, University of Adelaide, Adelaide, South Australia, Australia; William F. Hartsell, Central DuPage Hospital Cancer Center, Warrenville, IL; Peter Hoskin, Mount Vernon Hospital Cancer Centre, Middlesex, United Kingdom; Scott Babington, Christchurch Hospital, Christchurch, New Zealand; and William F. Demas, Akron City Hospital, Northeast Ohio Medical University, Akron, OH.; Edward Chow, Sunnybrook Odette Cancer Centre, University of Toronto; Rebecca K.S. Wong, Princess Margaret Hospital, Ontario Cancer Institute, University of Toronto, Toronto; Ralph M. Meyer, Juravinski Hospital and Cancer Centre and McMaster University, Hamilton; Bingshu E. Chen, Carolyn F. Wilson, and Michael Brundage, Cancer Research Institute, Queen's University, Kingston, Ontario; Jackson S.Y. Wu, Tom Baker Cancer Centre, University of Calgary, Calgary, Alberta; Abdenour Nabid, Centre Hospitalier Universitaire de Sherbrooke, Sherbrooke, Quebec, Canada; Yvette M. van der Linden, Leiden University Medical Centre, Leiden and Radiotherapy Institute Friesland, Leeuwarden; Caroline J.A. Tissing-Tan, Institute for Radiation Oncology Arnhem, Arnhem; Bing Oei, Dr Bernard Verbeeten Instituut, Tilburg, the Netherlands; Daniel Roos, Royal Adelaide Hospital, University of Adelaide, Adelaide, South Australia, Australia; William F. Hartsell, Central DuPage Hospital Cancer Center, Warrenville, IL; Peter Hoskin, Mount Vernon Hospital Cancer Centre, Middlesex, United Kingdom; Scott Babington, Christchurch Hospital, Christchurch, New Zealand; and William F. Demas, Akron City Hospital, Northeast Ohio Medical University, Akron, OH.; Edward Chow, Sunnybrook Odette Cancer Centre, University of Toronto; Rebecca K.S. Wong, Princess Margaret Hospital, Ontario Cancer Institute, University of Toronto, Toronto; Ralph M. Meyer, Juravinski Hospital and Cancer Centre and McMaster University, Hamilton; Bingshu E. Chen, Carolyn F. Wilson, and Michael Brundage, Cancer Research Institute, Queen's University, Kingston, Ontario; Jackson S.Y. Wu, Tom Baker Cancer Centre, University of Calgary, Calgary, Alberta; Abdenour Nabid, Centre Hospitalier Universitaire de Sherbrooke, Sherbrooke, Quebec, Canada; Yvette M. van der Linden, Leiden University Medical Centre, Leiden and Radiotherapy Institute Friesland, Leeuwarden; Caroline J.A. Tissing-Tan, Institute for Radiation Oncology Arnhem, Arnhem; Bing Oei, Dr Bernard Verbeeten Instituut, Tilburg, the Netherlands; Daniel Roos, Royal Adelaide Hospital, University of Adelaide, Adelaide, South Australia, Australia; William F. Hartsell, Central DuPage Hospital Cancer Center, Warrenville, IL; Peter Hoskin, Mount Vernon Hospital Cancer Centre, Middlesex, United Kingdom; Scott Babington, Christchurch Hospital, Christchurch, New Zealand; and William F. Demas, Akron City Hospital, Northeast Ohio Medical University, Akron, OH.; Edward Chow, Sunnybrook Odette Cancer Centre, University of Toronto; Rebecca K.S. Wong, Princess Margaret Hospital, Ontario Cancer Institute, University of Toronto, Toronto; Ralph M. Meyer, Juravinski Hospital and Cancer Centre and McMaster University, Hamilton; Bingshu E. Chen, Carolyn F. Wilson, and Michael Brundage, Cancer Research Institute, Queen's University, Kingston, Ontario; Jackson S.Y. Wu, Tom Baker Cancer Centre, University of Calgary, Calgary, Alberta; Abdenour Nabid, Centre Hospitalier Universitaire de Sherbrooke, Sherbrooke, Quebec, Canada; Yvette M. van der Linden, Leiden University Medical Centre, Leiden and Radiotherapy Institute Friesland, Leeuwarden; Caroline J.A. Tissing-Tan, Institute for Radiation Oncology Arnhem, Arnhem; Bing Oei, Dr Bernard Verbeeten Instituut, Tilburg, the Netherlands; Daniel Roos, Royal Adelaide Hospital, University of Adelaide, Adelaide, South Australia, Australia; William F. Hartsell, Central DuPage Hospital Cancer Center, Warrenville, IL; Peter Hoskin, Mount Vernon Hospital Cancer Centre, Middlesex, United Kingdom; Scott Babington, Christchurch Hospital, Christchurch, New Zealand; and William F. Demas, Akron City Hospital, Northeast Ohio Medical University, Akron, OH.; Edward Chow, Sunnybrook Odette Cancer Centre, University of Toronto; Rebecca K.S. Wong, Princess Margaret Hospital, Ontario Cancer Institute, University of Toronto, Toronto; Ralph M. Meyer, Juravinski Hospital and Cancer Centre and McMaster University, Hamilton; Bingshu E. Chen, Carolyn F. Wilson, and Michael Brundage, Cancer Research Institute, Queen's University, Kingston, Ontario; Jackson S.Y. Wu, Tom Baker Cancer Centre, University of Calgary, Calgary, Alberta; Abdenour Nabid, Centre Hospitalier Universitaire de Sherbrooke, Sherbrooke, Quebec, Canada; Yvette M. van der Linden, Leiden University Medical Centre, Leiden and Radiotherapy Institute Friesland, Leeuwarden; Caroline J.A. Tissing-Tan, Institute for Radiation Oncology Arnhem, Arnhem; Bing Oei, Dr Bernard Verbeeten Instituut, Tilburg, the Netherlands; Daniel Roos, Royal Adelaide Hospital, University of Adelaide, Adelaide, South Australia, Australia; William F. Hartsell, Central DuPage Hospital Cancer Center, Warrenville, IL; Peter Hoskin, Mount Vernon Hospital Cancer Centre, Middlesex, United Kingdom; Scott Babington, Christchurch Hospital, Christchurch, New Zealand; and William F. Demas, Akron City Hospital, Northeast Ohio Medical University, Akron, OH.; Edward Chow, Sunnybrook Odette Cancer Centre, University of Toronto; Rebecca K.S. Wong, Princess Margaret Hospital, Ontario Cancer Institute, University of Toronto, Toronto; Ralph M. Meyer, Juravinski Hospital and Cancer Centre and McMaster University, Hamilton; Bingshu E. Chen, Carolyn F. Wilson, and Michael Brundage, Cancer Research Institute, Queen's University, Kingston, Ontario; Jackson S.Y. Wu, Tom Baker Cancer Centre, University of Calgary, Calgary, Alberta; Abdenour Nabid, Centre Hospitalier Universitaire de Sherbrooke, Sherbrooke, Quebec, Canada; Yvette M. van der Linden, Leiden University Medical Centre, Leiden and Radiotherapy Institute Friesland, Leeuwarden; Caroline J.A. Tissing-Tan, Institute for Radiation Oncology Arnhem, Arnhem; Bing Oei, Dr Bernard Verbeeten Instituut, Tilburg, the Netherlands; Daniel Roos, Royal Adelaide Hospital, University of Adelaide, Adelaide, South Australia, Australia; William F. Hartsell, Central DuPage Hospital Cancer Center, Warrenville, IL; Peter Hoskin, Mount Vernon Hospital Cancer Centre, Middlesex, United Kingdom; Scott Babington, Christchurch Hospital, Christchurch, New Zealand; and William F. Demas, Akron City Hospital, Northeast Ohio Medical University, Akron, OH.; Edward Chow, Sunnybrook Odette Cancer Centre, University of Toronto; Rebecca K.S. Wong, Princess Margaret Hospital, Ontario Cancer Institute, University of Toronto, Toronto; Ralph M. Meyer, Juravinski Hospital and Cancer Centre and McMaster University, Hamilton; Bingshu E. Chen, Carolyn F. Wilson, and Michael Brundage, Cancer Research Institute, Queen's University, Kingston, Ontario; Jackson S.Y. Wu, Tom Baker Cancer Centre, University of Calgary, Calgary, Alberta; Abdenour Nabid, Centre Hospitalier Universitaire de Sherbrooke, Sherbrooke, Quebec, Canada; Yvette M. van der Linden, Leiden University Medical Centre, Leiden and Radiotherapy Institute Friesland, Leeuwarden; Caroline J.A. Tissing-Tan, Institute for Radiation Oncology Arnhem, Arnhem; Bing Oei, Dr Bernard Verbeeten Instituut, Tilburg, the Netherlands; Daniel Roos, Royal Adelaide Hospital, University of Adelaide, Adelaide, South Australia, Australia; William F. Hartsell, Central DuPage Hospital Cancer Center, Warrenville, IL; Peter Hoskin, Mount Vernon Hospital Cancer Centre, Middlesex, United Kingdom; Scott Babington, Christchurch Hospital, Christchurch, New Zealand; and William F. Demas, Akron City Hospital, Northeast Ohio Medical University, Akron, OH.; Edward Chow, Sunnybrook Odette Cancer Centre, University of Toronto; Rebecca K.S. Wong, Princess Margaret Hospital, Ontario Cancer Institute, University of Toronto, Toronto; Ralph M. Meyer, Juravinski Hospital and Cancer Centre and McMaster University, Hamilton; Bingshu E. Chen, Carolyn F. Wilson, and Michael Brundage, Cancer Research Institute, Queen's University, Kingston, Ontario; Jackson S.Y. Wu, Tom Baker Cancer Centre, University of Calgary, Calgary, Alberta; Abdenour Nabid, Centre Hospitalier Universitaire de Sherbrooke, Sherbrooke, Quebec, Canada; Yvette M. van der Linden, Leiden University Medical Centre, Leiden and Radiotherapy Institute Friesland, Leeuwarden; Caroline J.A. Tissing-Tan, Institute for Radiation Oncology Arnhem, Arnhem; Bing Oei, Dr Bernard Verbeeten Instituut, Tilburg, the Netherlands; Daniel Roos, Royal Adelaide Hospital, University of Adelaide, Adelaide, South Australia, Australia; William F. Hartsell, Central DuPage Hospital Cancer Center, Warrenville, IL; Peter Hoskin, Mount Vernon Hospital Cancer Centre, Middlesex, United Kingdom; Scott Babington, Christchurch Hospital, Christchurch, New Zealand; and William F. Demas, Akron City Hospital, Northeast Ohio Medical University, Akron, OH.; Edward Chow, Sunnybrook Odette Cancer Centre, University of Toronto; Rebecca K.S. Wong, Princess Margaret Hospital, Ontario Cancer Institute, University of Toronto, Toronto; Ralph M. Meyer, Juravinski Hospital and Cancer Centre and McMaster University, Hamilton; Bingshu E. Chen, Carolyn F. Wilson, and Michael Brundage, Cancer Research Institute, Queen's University, Kingston, Ontario; Jackson S.Y. Wu, Tom Baker Cancer Centre, University of Calgary, Calgary, Alberta; Abdenour Nabid, Centre Hospitalier Universitaire de Sherbrooke, Sherbrooke, Quebec, Canada; Yvette M. van der Linden, Leiden University Medical Centre, Leiden and Radiotherapy Institute Friesland, Leeuwarden; Caroline J.A. Tissing-Tan, Institute for Radiation Oncology Arnhem, Arnhem; Bing Oei, Dr Bernard Verbeeten Instituut, Tilburg, the Netherlands; Daniel Roos, Royal Adelaide Hospital, University of Adelaide, Adelaide, South Australia, Australia; William F. Hartsell, Central DuPage Hospital Cancer Center, Warrenville, IL; Peter Hoskin, Mount Vernon Hospital Cancer Centre, Middlesex, United Kingdom; Scott Babington, Christchurch Hospital, Christchurch, New Zealand; and William F. Demas, Akron City Hospital, Northeast Ohio Medical University, Akron, OH.; Edward Chow, Sunnybrook Odette Cancer Centre, University of Toronto; Rebecca K.S. Wong, Princess Margaret Hospital, Ontario Cancer Institute, University of Toronto, Toronto; Ralph M. Meyer, Juravinski Hospital and Cancer Centre and McMaster University, Hamilton; Bingshu E. Chen, Carolyn F. Wilson, and Michael Brundage, Cancer Research Institute, Queen's University, Kingston, Ontario; Jackson S.Y. Wu, Tom Baker Cancer Centre, University of Calgary, Calgary, Alberta; Abdenour Nabid, Centre Hospitalier Universitaire de Sherbrooke, Sherbrooke, Quebec, Canada; Yvette M. van der Linden, Leiden University Medical Centre, Leiden and Radiotherapy Institute Friesland, Leeuwarden; Caroline J.A. Tissing-Tan, Institute for Radiation Oncology Arnhem, Arnhem; Bing Oei, Dr Bernard Verbeeten Instituut, Tilburg, the Netherlands; Daniel Roos, Royal Adelaide Hospital, University of Adelaide, Adelaide, South Australia, Australia; William F. Hartsell, Central DuPage Hospital Cancer Center, Warrenville, IL; Peter Hoskin, Mount Vernon Hospital Cancer Centre, Middlesex, United Kingdom; Scott Babington, Christchurch Hospital, Christchurch, New Zealand; and William F. Demas, Akron City Hospital, Northeast Ohio Medical University, Akron, OH."
"Bile acids are the end products of cholesterol catabolism. Hepatic bile acid synthesis accounts for a major fraction of daily cholesterol turnover in humans. Biliary secretion of bile acids generates bile flow and facilitates hepatobiliary secretion of lipids, lipophilic metabolites, and xenobiotics. In the intestine, bile acids are essential for the absorption, transport, and metabolism of dietary fats and lipid-soluble vitamins. Extensive research in the last 2 decades has unveiled new functions of bile acids as signaling molecules and metabolic integrators. The bile acid-activated nuclear receptors farnesoid X receptor, pregnane X receptor, constitutive androstane receptor, vitamin D receptor, and G protein-coupled bile acid receptor play critical roles in the regulation of lipid, glucose, and energy metabolism, inflammation, and drug metabolism and detoxification. Bile acid synthesis exhibits a strong diurnal rhythm, which is entrained by fasting and refeeding as well as nutrient status and plays an important role for maintaining metabolic homeostasis. Recent research revealed an interaction of liver bile acids and gut microbiota in the regulation of liver metabolism. Circadian disturbance and altered gut microbiota contribute to the pathogenesis of liver diseases, inflammatory bowel diseases, nonalcoholic fatty liver disease, diabetes, and obesity. Bile acids and their derivatives are potential therapeutic agents for treating metabolic diseases of the liver. ",,Copyright © 2014 by The American Society for Pharmacology and Experimental Therapeutics.,10.1124/pr.113.008201,Pharmacological reviews,,2014-07-31,"25073467
20078219
23801799
20665558
22885332
20093562
24656817
7860756
21319191
21571685
17428181
22820415
19360006
15761026
8460705
23897684
23460643
22550135
12062084
16447287
17682975
20817722
20890895
15611112
10809780
15558057
21920463
22333591
22638681
18509196
11030331
17110163
16778009
21127246
16473946
23982684
12150932
7538046
18307294
12524422
8288599
20354075
12543708
23782454
22541702
12769787
21192771
17183312
19718444
23043185
23395169
22134839
19996107
18292224
15657619
12709436
19338660
19436068
18565334
16446356
20876719
10334992
21747170
22236403
12388192
19595470
20801037
11745043
15340055
24037988
22777896
18029909
23434278
23333527
16763017
16642962
17707819
22608008
21953282
11826283
6377421
9450986
18006431
21632533
12456679
11927623
3372528
23951220
22130247
20018894
15899888
8521507
16400329
11485143
12829524
24468803
18972444
12110366
16557297
19233843
19487572
15505215
24064762
21685500
19275546
19721697
18006707
23000402
19582812
15118080
17065403
19940241
14623915
12730697
22722865
19489075
21284980
6417166
21393543
20837534
14727179
16258535
16410358
24796972
16166217
17550777
12045099
20447400
18838502
21145931
18158304
17264802
16299351
17073645
16814728
15147890
9547102
11427691
12202460
21887309
19417220
20195271
9356497
22572830
19174369
19196849
16481392
19730426
10493319
17660447
17183309
21319202
16317705
426094
16399349
19501927
16317684
23884887
23554069
24336217
19864602
23325474
12949728
16213224
24677249
11729302
11893771
9326328
16037564
18988769
17681172
17696255
22767443
19902954
19783811
12554753
19164560
9649591
21932398
16332680
18468513
23686672
15845877
11579204
11901146
7556072
3181435
22046243
9780343
17107947
8405996
19030170
18773899
22571613
17116003
15798098
11030617
8106172
12891557
11114885
19339967
12421815
19085950
9150132
15322103
23032991
11154734
10753890
8521508
10446164
12815072
15750181
18218725
24731596
11481606
23329754
22436747
22001865
15269772
23530060
14742670
23330546
23023125
16251721
21178770
21548778
21735468
14985368
14660582
15331348
11387316
2154492
19729656
19028791
14976145
19185005
16186601
24222092
23041323
23774882
23604482
19723493
18298956
19625732
11991950
20371703
18242221
18670431
12419312
17326144
12917447
23619297
11438503
16147897
12062085
24625896
15469657
21619550
15563450
16285946
15047603
23257920
20686565
11248086
17359490
17951208
11323427
22673227
21540105
23566200
19407337
12016314
17093295
18757757
8197128
24670636
23851335
17696253
11994399
17456850
557521
20410820
18787306
22003820
24411485
731123
19286518
21194578
23536474
15047713
16122419
16033867
17666523
16825595
11706036
16423920
16484495
15146238
1270929
14990788
11090130
21641554
22961081
15539116
18852398
16492670
16200214
21334334
21700865
22144677
21454404
23716591
10334993
24118394
19346330
12920050
17550778
16891356
22488426
21242261
15330745
19581390
23519695
12949731
9261096
15066123
7609606
22661717
15677715
21646721
20631352
17685603
20623580
19136377
16516849
21346810
19902485
22303888
21883702
22649068
17072310
20884752
20942659
19300246
4716197
15888793
23524965
23452163
19767447
7835596
22652341
16459310
19617349
11602520
24226095
23312289
24479734
19133988
15564327
19857603
15077010
15824121
19854863
12878321
8663355
20044510
12663868
7023307
20531290
21145854
16039748
22492528
15721318
23879641
15239098
1693613
20014870
15523558
7774010
20233723
17575276
15684063
24274865
22993736
18927204
16724960
3056758
21226579
20351063
8756571
20466882
23727264
21839040
8156598
22560211
21436455
2261643
14967813
24623179
15178759
22152303
20880716
19106115
16556603
12923173
11248085
20725912
12377823
20674862
20060466
17696930
24348081
9755246
22467244
16741115
11956156
17627937
11030332
24430730
21593203
16484210
9489701
23720334
22473838
20133000
15317466",,Bile acid signaling in metabolic disease and drug therapy.,,"Li, Tiangang, T; Chiang, John Y L, JY","Department of Pharmacology, Toxicology and Therapeutics, University of Kansas Medical Center, Kansas City, Kansas (T.L.); and Department of Integrative Medical Sciences, Northeast Ohio Medical University, Rootstown, Ohio (J.Y.L.C.).; Department of Pharmacology, Toxicology and Therapeutics, University of Kansas Medical Center, Kansas City, Kansas (T.L.); and Department of Integrative Medical Sciences, Northeast Ohio Medical University, Rootstown, Ohio (J.Y.L.C.) jchiang@neomed.edu."
"Anthracobunidae is an Eocene family of large mammals from south Asia that is commonly considered to be part of the radiation that gave rise to elephants (proboscideans) and sea cows (sirenians). We describe a new collection of anthracobunid fossils from Middle Eocene rocks of Indo-Pakistan that more than doubles the number of known anthracobunid fossils and challenges their putative relationships, instead implying that they are stem perissodactyls. Cranial, dental, and postcranial elements allow a revision of species and the recognition of a new anthracobunid genus. Analyses of stable isotopes and long bone geometry together suggest that most anthracobunids fed on land, but spent a considerable amount of time near water. This new evidence expands our understanding of stem perissodactyl diversity and sheds new light on perissodactyl origins. ",,,10.1371/journal.pone.0109232,PloS one,,2014-10-09,"25295875
16701301
22230880
23813980
11214319
17886145
28547202
15536013
17516430
17329227
17999766
17581585
18312321
23342128
16840554
23393258
11353869
15791254
11896275
2375509
18097400
11214318
12878460
28562971
28308012
20231481
21940861
24587000
19549873
11743200
21041671
18413605",,Anthracobunids from the middle eocene of India and pakistan are stem perissodactyls.,,"Cooper, Lisa Noelle, LN; Seiffert, Erik R, ER; Clementz, Mark, M; Madar, Sandra I, SI; Bajpai, Sunil, S; Hussain, S Taseer, ST; Thewissen, J G M, JG","Department of Anatomy and Neurobiology, Northeast Ohio Medical University, Rootstown, Ohio, United States of America; School of Biomedical Sciences, Kent State University, Kent, Ohio, United States of America.; Department of Anatomical Sciences, Stony Brook University, Stony Brook, New York, United States of America.; Department of Geology and Geophysics, University of Wyoming, Laramie, Wyoming, United States of America.; Department of Biology, Hiram University, Hiram, Ohio, United States of America.; Department of Earth Sciences, Indian Institute of Technology, Roorkee, Uttarakhand, India.; Department of Anatomy, College of Medicine, Howard University, Washington, District of Columbia, United States of America.; Department of Anatomy and Neurobiology, Northeast Ohio Medical University, Rootstown, Ohio, United States of America; School of Biomedical Sciences, Kent State University, Kent, Ohio, United States of America."
"Metabolic syndrome, characterized by obesity, hyperglycemia, dyslipidemia and hypertension, increases the risks for cardiovascular disease, diabetes and stroke. Carboxylesterase 1 (CES1) is an enzyme that hydrolyzes triglycerides and cholesterol esters, and is important for lipid metabolism. Our previous data show that over-expression of mouse hepatic CES1 lowers plasma glucose levels and improves insulin sensitivity in diabetic ob/ob mice. In the present study, we determined the physiological role of hepatic CES1 in glucose homeostasis. Hepatic CES1 expression was reduced by fasting but increased in diabetic mice. Treatment of mice with glucose induced hepatic CES1 expression. Consistent with the in vivo study, glucose stimulated CES1 promoter activity and increased acetylation of histone 3 and histone 4 in the CES1 chromatin. Knockdown of ATP-citrate lyase (ACL), an enzyme that regulates histone acetylation, abolished glucose-mediated histone acetylation in the CES1 chromatin and glucose-induced hepatic CES1 expression. Finally, knockdown of hepatic CES1 significantly increased postprandial blood glucose levels. In conclusion, the present study uncovers a novel glucose-CES1-glucose pathway which may play an important role in regulating postprandial blood glucose levels. ",,,10.1371/journal.pone.0109663,PloS one,,2014-10-07,"25285996
17187055
23145182
20488800
9240934
19965590
19651238
18579779
16919614
19461003
24563511
15664996
16885160
17095732
16890538
11315848
17428181
19332024
11549192
9240931
23475686
19208907
18809715
21071704
14985368
15183757
21642744
25066929
22806626
17885686
7947994
12684532
21250982
24373240
24038130
3283554
22261820
17646659
24422660
7655514",,Hepatic carboxylesterase 1 is induced by glucose and regulates postprandial glucose levels.,,"Xu, Jiesi, J; Yin, Liya, L; Xu, Yang, Y; Li, Yuanyuan, Y; Zalzala, Munaf, M; Cheng, Gang, G; Zhang, Yanqiao, Y","Department of Integrative Medical Sciences, Northeast Ohio Medical University, Rootstown, Ohio, United States of America.; Department of Integrative Medical Sciences, Northeast Ohio Medical University, Rootstown, Ohio, United States of America.; Department of Integrative Medical Sciences, Northeast Ohio Medical University, Rootstown, Ohio, United States of America.; Department of Integrative Medical Sciences, Northeast Ohio Medical University, Rootstown, Ohio, United States of America.; Department of Integrative Medical Sciences, Northeast Ohio Medical University, Rootstown, Ohio, United States of America; Department of Pharmacology and Toxicology, College of Pharmacy, University of Baghdad, Baghdad, Iraq.; Department of Chemical and Biomolecular Engineering, University of Akron, Akron, Ohio, United States of America.; Department of Integrative Medical Sciences, Northeast Ohio Medical University, Rootstown, Ohio, United States of America."
"Dendritic cells (DCs) are major antigen-presenting cells that play a key role in initiating and regulating innate and adaptive immune responses. DCs are critical mediators of tolerance and immunity. The functional properties of DCs decline with age. The purpose of this study was to define the age-associated molecular changes in DCs by gene array analysis using Affymatrix GeneChips. The expression levels of a total of 260 genes (1.8%) were significantly different (144 down-regulated and 116 upregulated) in monocyte-derived DCs (MoDCs) from aged compared to young human donors. Of the 260 differentially expressed genes, 24% were down-regulated by more than 3-fold, suggesting that a large reduction in expression occurred for a notable number of genes in the aged. Our results suggest that the genes involved in immune response to pathogens, cell migration and T cell priming display significant age-related changes. Furthermore, downregulated genes involved in cell cycle arrest and DNA replication may play a critical role in aging-associated genetic instability. These changes in gene expression provide molecular based evidence for age-associated functional abnormalities in human DCs that may be responsible for the defects in adaptive immunity observed in the elderly. ",,,10.1371/journal.pone.0106471,PloS one,,2014-09-06,"25191744
21093253
21642987
20838605
18305481
9464798
9843981
8958918
18296366
23237964
20953722
12393628
20929870
22449074
23236459
9315445
9521319
21683627
10520991
17570575
23633913
21403007
12540299
16546571
9840927
21248468
19878143
12584122
24759206
22936179
14623024
21220692
12453418
14984207
14624239
11069097
16619501
15032587
22398447
19124757
22157815
19344750
23538840
22693634
11736643
20619360
17513740
23132168
21196211
18539592
20064371
16632889
20354270
8910610
15229469
15459668
16033969
21841786
19651619
12389033
20100933
10837075
23007963
23947347
15681803",,Alterations in gene array patterns in dendritic cells from aged humans.,,"Cao, Jia-ning, JN; Agrawal, Anshu, A; Sharman, Edward, E; Jia, Zhenyu, Z; Gupta, Sudhir, S","Division of Basic and Clinical Immunology, Department of Medicine, University of California Irvine, Irvine, California, United States of America.; Division of Basic and Clinical Immunology, Department of Medicine, University of California Irvine, Irvine, California, United States of America.; Department of Neurology, University of California Irvine, Irvine, California, United States of America.; Department of Statistics, University of Akron, Akron, Ohio, United States of America; Department of Family and Community Medicine, Northeast Ohio Medical University, Rootstown, Ohio, United States of America; Pathology & Laboratory Medicine, University of California Irvine, Irvine, California, United States of America.; Division of Basic and Clinical Immunology, Department of Medicine, University of California Irvine, Irvine, California, United States of America."
"The value of restenosis after percutaneous coronary intervention (PCI) is recognized worldwide, especially for diabetic patients. Interleukin-1/Toll-like receptor (IL-1/TLR) signaling is involved in innate and adaptive immune responses, but whether and how the IL-1/TLR-induced nuclear factor kappa B (NFκB) pathway plays key roles in intimal formation is unclear. The underlying mechanism of intima hyperplasia was investigated with a model of carotid balloon injury in Goto-Kakizaki (GK) and Wistar rats and with lipopolysaccharide-stimulated macrophages. Elastic-van Gieson staining showed the medial area peakedon Day 3 post-injury and decreased by Day 7 post-injury in both GK and Wistar rats. The N/M at Day 7 in GK rats was significantly higher than in Wistar rats (p<0.001). The percent of 5-ethynyl-2'-deoxyuridine (EdU) staining-positive cells on Day 3 post-injury was greater than seen on Day 7 post-injury in GK and Wistar rats. The percent of EdU-positive cells on Days 3 and 7 post-injury in Wistar rats was less than that found in GK rats (p<0.01; p<0.05). NFκBp65 immunostaining had increased by Day 7 post-injury. Agilent Whole Genome Oligo Microarray verified that the IL-1/TLR-induced NFκB pathway was activated by carotid balloon injury. TLR4, IL-1 receptor associated kinase, inhibitors α of NFκB, human antigen R, c-Myc (Proto-Oncogene Proteins), EGF-like module-containing mucin-like hormone receptor-like 1 and Interleukin-6 were up-regulated or down-regulated according to immunochemistry, quantitative real-time PCR, Western blotting and Enzyme linked immunosorbent assay. Overall, we conclude that the IL-1/TLR-induced NFκB pathway participates in the intimal hyperplasia after carotid injury in GK and Wistar rats and that GK rats respond more intensely to the inflammation than Wistar rats. ",,,10.1371/journal.pone.0103794,PloS one,,2014-08-02,"25083789
17712721
9426044
19258681
20827317
18832385
15175640
9327742
12015982
10623794
15939736
12031967
3074659
21075668
17008589
14517288
16598543
18794297
18389330
21279500
20876710
15173029
10636274
19661481
15926190
951706
23250660
17470642
11718406
15350167
10488055
23237526
23063477
11882327
23104275
16931201
9884378
14623620
23028373
9482916
17210129
16410796
20808802
11150311
15258191
21709150
18094066
17319099",,Interleukin-1/toll-like receptor-induced nuclear factor kappa B signaling participates in intima hyperplasia after carotid artery balloon injury in goto-kakizaki rats: a potential target therapy pathway.,,"Zhang, Xiaotian, X; Wang, Yi, Y; Hu, Wenjing, W; Li, Dongye, D; Zhou, Zhongmin, Z; Pan, Defeng, D; Wu, Wanling, W; Xu, Tongda, T","Institute of Cardiovascular Disease Research, Xuzhou Medical College, Jiangsu Province, P. R. China.; Institute of Cardiovascular Disease Research, Xuzhou Medical College, Jiangsu Province, P. R. China.; Institute of Cardiovascular Disease Research, Xuzhou Medical College, Jiangsu Province, P. R. China.; Institute of Cardiovascular Disease Research, Xuzhou Medical College, Jiangsu Province, P. R. China.; Department of Internal Medicine, Aultman Hospital & Canton Medical Education Foundation, Northeast Ohio Medical University, Canton, Ohio, United States of America.; Cardiology of Affiliated Hospital of Xuzhou Medical College, Jiangsu Province, P. R. China.; Cardiology of Affiliated Hospital of Xuzhou Medical College, Jiangsu Province, P. R. China.; Cardiology of Affiliated Hospital of Xuzhou Medical College, Jiangsu Province, P. R. China."
"Since 2005, an extensive literature documents individuals from several families afflicted with ""Uner Tan Syndrome (UTS),"" a condition that in its most extreme form is characterized by cerebellar hypoplasia, loss of balance and coordination, impaired cognitive abilities, and habitual quadrupedal gait on hands and feet. Some researchers have interpreted habitual use of quadrupedalism by these individuals from an evolutionary perspective, suggesting that it represents an atavistic expression of our quadrupedal primate ancestry or ""devolution."" In support of this idea, individuals with ""UTS"" are said to use diagonal sequence quadrupedalism, a type of quadrupedal gait that distinguishes primates from most other mammals. Although the use of primate-like quadrupedal gait in humans would not be sufficient to support the conclusion of evolutionary ""reversal,"" no quantitative gait analyses were presented to support this claim. Using standard gait analysis of 518 quadrupedal strides from video sequences of individuals with ""UTS"", we found that these humans almost exclusively used lateral sequence-not diagonal sequence-quadrupedal gaits. The quadrupedal gait of these individuals has therefore been erroneously described as primate-like, further weakening the ""devolution"" hypothesis. In fact, the quadrupedalism exhibited by individuals with UTS resembles that of healthy adult humans asked to walk quadrupedally in an experimental setting. We conclude that quadrupedalism in healthy adults or those with a physical disability can be explained using biomechanical principles rather than evolutionary assumptions. ",,,10.1371/journal.pone.0101758,PloS one,,2014-07-17,"25029457
18364738
17516132
21885617
16777243
18487453
21975454
22892528
21258577
15183673
17786994
19332571
8953754
17029277
24795558
17972283
18155128
8451315
9839417
16905322
15386221
3103457
18326629
17521749
18483196
20060568
22328448
2929742
19461874
4469699
23504009
16861146
19466629
5657937
16484061
16777753
20054388
17512970
19036860
18041603
7801509
18544652
23112791
18300005
18205078
4648586
20175206
11415818
17145687",,"Human quadrupeds, primate quadrupedalism, and Uner Tan Syndrome.",,"Shapiro, Liza J, LJ; Cole, Whitney G, WG; Young, Jesse W, JW; Raichlen, David A, DA; Robinson, Scott R, SR; Adolph, Karen E, KE","Department of Anthropology, University of Texas at Austin, Austin, Texas, United States of America.; Department of Psychology, New York University, New York, New York, United States of America.; Department of Anatomy and Neurobiology, Northeast Ohio Medical University, Rootstown, Ohio, United States of America.; School of Anthropology, University of Arizona, Tucson, Arizona, United States of America.; Department of Psychology, New York University, New York, New York, United States of America.; Department of Psychology, New York University, New York, New York, United States of America."
"It is difficult to construct a control group for trials of adjuvant therapy (Rx) of prostate cancer after radical prostatectomy (RP) due to ethical issues and patient acceptance. We utilized 8 curve-fitting models to estimate the time to 60%, 65%, … 95% chance of progression free survival (PFS) based on the data derived from Kattan post-RP nomogram. The 8 models were systematically applied to a training set of 153 post-RP cases without adjuvant Rx to develop 8 subsets of cases (reference case sets) whose observed PFS times were most accurately predicted by each model. To prepare a virtual control group for a single-arm adjuvant Rx trial, we first select the optimal model for the trial cases based on the minimum weighted Euclidean distance between the trial case set and the reference case set in terms of clinical features, and then compare the virtual PFS times calculated by the optimum model with the observed PFSs of the trial cases by the logrank test. The method was validated using an independent dataset of 155 post-RP patients without adjuvant Rx. We then applied the method to patients on a Phase II trial of adjuvant chemo-hormonal Rx post RP, which indicated that the adjuvant Rx is highly effective in prolonging PFS after RP in patients at high risk for prostate cancer recurrence. The method can accurately generate control groups for single-arm, post-RP adjuvant Rx trials for prostate cancer, facilitating development of new therapeutic strategies.",,,10.1371/journal.pone.0085010,PloS one,,2014-01-28,"24465467
9605647
22934703
16750497
12030248
10604266
16705126
21507467
19890632
5910392
21459804
20983181
20663908
10334537
22870216
19156928
7276137
17054269
17437819
16192588
8860063
7063747
23028830
17761958
17308272",,"Generation of ""virtual"" control groups for single arm prostate cancer adjuvant trials.",,"Jia, Zhenyu, Z; Lilly, Michael B, MB; Koziol, James A, JA; Chen, Xin, X; Xia, Xiao-Qin, XQ; Wang, Yipeng, Y; Skarecky, Douglas, D; Sutton, Manuel, M; Sawyers, Anne, A; Ruckle, Herbert, H; Carpenter, Philip M, PM; Wang-Rodriguez, Jessica, J; Jiang, Jun, J; Deng, Mingsen, M; Pan, Cong, C; Zhu, Jian-Guo, JG; McLaren, Christine E, CE; Gurley, Michael J, MJ; Lee, Chung, C; McClelland, Michael, M; Ahlering, Thomas, T; Kattan, Michael W, MW; Mercola, Dan, D","Department of Statistics, University of Akron, Akron, Ohio, United States of America ; Guizhou Provincial Key Laboratory of Computational Nano-Material Science, Guizhou Normal College, Guiyang, China ; Department of Family and Community Medicine, Northeast Ohio Medical University, Rootstown, Ohio, United States of America.; Division of Hematology-Oncology, Medical University of South Carolina, Charleston, South Carolina, United States of America.; College of Health, Human Services and Science, Ashford University, California, United States of America.; Department of Pathology & Laboratory Medicine, University of California Irvine, Irvine, California, United States of America.; Institute of Hydrobiology, Chinese Academy of Sciences, Wuhan, China.; AltheaDx Inc., San Diego, California, United States of America.; Department of Urology, University of California Irvine, Irvine, California, United States of America.; Department of Pathology & Laboratory Medicine, University of California Irvine, Irvine, California, United States of America.; Department of Pathology & Laboratory Medicine, University of California Irvine, Irvine, California, United States of America.; Department of Urology, Loma Linda University, Loma Linda, California, United States of America.; Department of Pathology & Laboratory Medicine, University of California Irvine, Irvine, California, United States of America.; Department of Pathology, University of California San Diego, La Jolla, California, United States of America.; Guizhou Provincial Key Laboratory of Computational Nano-Material Science, Guizhou Normal College, Guiyang, China.; Guizhou Provincial Key Laboratory of Computational Nano-Material Science, Guizhou Normal College, Guiyang, China.; Guizhou Provincial Key Laboratory of Computational Nano-Material Science, Guizhou Normal College, Guiyang, China.; Guizhou Provincial Key Laboratory of Computational Nano-Material Science, Guizhou Normal College, Guiyang, China ; Department of Urology, Guizhou Provincial People's Hospital, Guizhou, China.; Department of Epidemiology, University of California Irvine, Irvine, California, United States of America.; Department of Urology, Northwestern University Feinberg School of Medicine, Chicago, Illinois, United States of America.; Department of Statistics, University of Akron, Akron, Ohio, United States of America ; Department of Urology, Northwestern University Feinberg School of Medicine, Chicago, Illinois, United States of America.; Department of Medicine, University of California Irvine, Irvine, California, United States of America ; Vaccine Research Institute of San Diego, San Diego, California, United States of America.; Department of Urology, University of California Irvine, Irvine, California, United States of America.; Department of Quantitative Health Sciences, Cleveland Clinic, Cleveland, Ohio, United States of America.; Department of Pathology & Laboratory Medicine, University of California Irvine, Irvine, California, United States of America."
"Scratches on bones have routinely been attributed to tooth marks (a predominantly untested speculation), ignoring the effects of claws, perhaps because of the general assumption that claws are too soft to damage bone. However, some pathologies appears to be more compatible with claw rather than tooth impacts. Therefore, it is critical to determine if the claws of any animal are capable of scratching into the surface of any bone--a test and proof of concept. A tiger enrichment program was used to document actual bone damage unequivocally caused by claws, by assuring that the tiger had access to bones only by using its paws (claws). The spectrum of mechanisms causing bone damage was expanded by evidentiary analysis of claw-induced pathology. While static studies suggested that nails/claws could not disrupt bone, specific tiger enrichment activities documented that bones were susceptible to damage from the kinetic energy effect of the striking claw. This documents an expanded differential consideration for scratch marks on bone and evidences the power of the claw.",,,10.1371/journal.pone.0073811,PloS one,,2013-09-12,"24023906
29539359
1262355
12604306
597746
11710767
15287101
4587155",,The power of the claw.,,"Rothschild, Bruce M, BM; Bryant, Bill, B; Hubbard, Christopher, C; Tuxhorn, Kent, K; Kilgore, Ginny Penn, GP; Martin, Larry, L; Naples, Virginia, V","Biodiversity Institute, University of Kansas, Lawrence, Kansas, United States of America ; Northeast Ohio Medical University, Rootstown, Ohio, United States of America.; None; None; None; None; None; None"
"Stage specific embryonic antigen 1+ (SSEA1+) cells have been described as the most primitive mesenchymal progenitor cell in the bone marrow. Cardiac injury mobilizes SSEA1+ cells into the peripheral blood but their in vivo function has not been characterized.
We generated animals with chimeric bone marrow to determine the fate and function of bone marrow SSEA1+ cells in response to acute cardiac pressure overload.
Lethally irradiated mice were transplanted with normal bone marrow where the wild-type SSEA1+ cells were replaced with green fluorescent protein (GFP) SSEA1+ cells. Cardiac injury was induced by trans-aortic constriction (TAC). We identified significant GFP+ cell engraftment into the myocardium after TAC. Bone marrow GFP+ SSEA1 derived cells acquired markers of endothelial lineage, but did not express markers of c-kit+ cardiac progenitor cells. The function of bone marrow SSEA1+ cells after TAC was determined by transplanting lethally irradiated mice with bone marrow depleted of SSEA1+ cells (SSEA1-BM). The cardiac function of SSEA1-BM mice declined at a greater rate after TAC compared to their complete bone marrow transplant counterparts and was associated with decreased bone marrow cell engraftment and greater vessel rarefication in the myocardium.
These results provide evidence for the recruitment of endogenous bone marrow SSEA1+ cells to the myocardium after TAC. We demonstrate that, in vivo, bone marrow SSEA1+ cells have the differentiation potential to acquire endothelial lineage markers. We also show that bone marrow SSEA1+ deficiency is associated with a reduced compensatory capacity to cardiac pressure overload, suggesting their importance in cardiac homeostasis. These data demonstrate that bone marrow SSEA1+ cells are critical for sustaining vascular density and cardiac repair to pressure overload.",,,10.1371/journal.pone.0068528,PloS one,,2013-07-23,"23874657
17230213
12957092
281705
16269652
21902610
16498386
22763456
23429605
17046577
14505575
22507976
19118716
19380417
21566217
12372282
16410389
22140461
18036610
18951465
20807543
21203577
18006457
12928492
747780
12384418
22685115
18511604
15932947
22668785
20629987
23276985
18420834
22624699
2658065
18308948
17003364
20035082
16823487
11777997
20335662
19644120
17136117
21034791
18037937
20596650",,Bone marrow SSEA1+ cells support the myocardium in cardiac pressure overload.,,"Finan, Amanda, A; Sopko, Nikolai, N; Dong, Feng, F; Turturice, Ben, B; Kiedrowski, Matthew, M; Penn, Marc S, MS","Department of Integrative Medical Sciences, Northeast Ohio Medical University, Rootstown, Ohio, United States of America.; None; None; None; None; None"
"Bats are among the most gregarious and vocal mammals, with some species demonstrating a diverse repertoire of syllables under a variety of behavioral contexts. Despite extensive characterization of big brown bat (Eptesicus fuscus) biosonar signals, there have been no detailed studies of adult social vocalizations. We recorded and analyzed social vocalizations and associated behaviors of captive big brown bats under four behavioral contexts: low aggression, medium aggression, high aggression, and appeasement. Even limited to these contexts, big brown bats possess a rich repertoire of social vocalizations, with 18 distinct syllable types automatically classified using a spectrogram cross-correlation procedure. For each behavioral context, we describe vocalizations in terms of syllable acoustics, temporal emission patterns, and typical syllable sequences. Emotion-related acoustic cues are evident within the call structure by context-specific syllable types or variations in the temporal emission pattern. We designed a paradigm that could evoke aggressive vocalizations while monitoring heart rate as an objective measure of internal physiological state. Changes in the magnitude and duration of elevated heart rate scaled to the level of evoked aggression, confirming the behavioral state classifications assessed by vocalizations and behavioral displays. These results reveal a complex acoustic communication system among big brown bats in which acoustic cues and call structure signal the emotional state of a caller.",,,10.1371/journal.pone.0044550,PloS one,,2012-09-13,"22970247
19450029
19707550
1225700
8391702
7827315
16736178
21327335
20034021
12822809
19045674
21973383
20236965
9514675
7962992
21682426
9770540
19387652
11931324
11703871
11108382
12843409
22090463
9493408
17520262
19812069
12684492
18647002
758674
4761376
1113037
10875396
17142687",,Social vocalizations of big brown bats vary with behavioral context.,,"Gadziola, Marie A, MA; Grimsley, Jasmine M S, JM; Faure, Paul A, PA; Wenstrup, Jeffrey J, JJ","Department of Anatomy and Neurobiology, Northeast Ohio Medical University, Rootstown, Ohio, United States of America.; None; None; None"
"The acoustic rearing environment can alter central auditory coding properties, yet altered neural coding is seldom linked with specific deficits to adult perceptual skills. To test whether developmental hearing loss resulted in comparable changes to perception and sensory coding, we examined behavioral and neural detection thresholds for sinusoidally amplitude modulated (sAM) stimuli. Behavioral sAM detection thresholds for slow (5 Hz) modulations were significantly worse for animals reared with bilateral conductive hearing loss (CHL), as compared to controls. This difference could not be attributed to hearing thresholds, proficiency at the task, or proxies for attention. Detection thresholds across the groups did not differ for fast (100 Hz) modulations, a result paralleling that seen in humans. Neural responses to sAM stimuli were recorded in single auditory cortex neurons from separate groups of awake animals. Neurometric analyses indicated equivalent thresholds for the most sensitive neurons, but a significantly poorer detection threshold for slow modulations across the population of CHL neurons as compared to controls. The magnitude of the neural deficit matched that of the behavioral differences, suggesting that a reduction of sensory information can account for limitations to perceptual skills.",,,10.1371/journal.pone.0041514,PloS one,,2012-08-01,"22848517
1601196
12612485
10561407
8725518
11784752
6716127
12086648
6724173
11321202
12492434
17728455
19185545
22090457
7598757
8281300
21645986
2737011
11950532
21148093
528886
6822250
14714819
8132899
16093339
10493771
12930790
18778969
11698688
627637
20506133
11050211
21880924
20071542
10089607
20109499
12716950
17895375
9663387
10515506
15829643
14534407
19380604
22306199
21084606
11976364
22308415
11050215
10499037
12352627
4623419
12003520
7069057
21664958
10509706
20164356
17553982
1608256
19217382
11535662
10393892
10913894
11193958
3994589
8698163
17615123
20053914
21543753
17833780
16330093
16719587
12083727
15881289
18222937
2087959
11506664
1464765
4044922
17027173
7569981
21607783
5810617
5883730
1354376
16553625
20556628
16513565
8778300
20223206",,Diminished behavioral and neural sensitivity to sound modulation is associated with moderate developmental hearing loss.,,"Rosen, Merri J, MJ; Sarro, Emma C, EC; Kelly, Jack B, JB; Sanes, Dan H, DH","Department of Anatomy and Neurobiology, Northeast Ohio Medical University, Rootstown, Ohio, United States of America. mrosen@neomed.edu; None; None; None"
"Neurons in the nucleus laminaris (NL) of birds act as coincidence detectors and encode interaural time difference to localize the sound source in the azimuth plane. GABAergic transmission in a number of CNS nuclei including the NL is subject to a dual modulation by presynaptic GABA(B) receptors (GABA(B)Rs) and metabotropic glutamate receptors (mGluRs). Here, using in vitro whole-cell patch clamp recordings from acute brain slices of the chick, we characterized the following important but unknown properties pertaining to such a dual modulation: (1) emergence of functional GABA synapses in NL neurons; (2) the temporal onset of neuromodulation mediated by GABA(B)Rs and mGluRs; and (3) the physiological conditions under which GABA(B)Rs and mGluRs are activated by endogenous transmitters. We found that (1) GABA(A)R-mediated synaptic responses were observed in about half of the neurons at embryonic day 11 (E11); (2) GABA(B)R-mediated modulation of the GABAergic transmission was detectable at E11, whereas the modulation by mGluRs did not emerge until E15; and (3) endogenous activity of GABA(B)Rs was induced by both low- (5 or 10 Hz) and high-frequency (200 Hz) stimulation of the GABAergic pathway, whereas endogenous activity of mGluRs was induced by high- (200 Hz) but not low-frequency (5 or 10 Hz) stimulation of the glutamatergic pathway. Furthermore, the endogenous activity of mGluRs was mediated by group II but not group III members. Therefore, autoreceptor-mediated modulation of GABAergic transmission emerges at the same time when the GABA synapses become functional. Heteroreceptor-mediated modulation appears at a later time and is receptor type dependent in vitro.",,,10.1371/journal.pone.0035831,PloS one,,2012-05-01,"22545142
4764322
16687616
15558730
19926678
8103461
18614685
6864252
8189746
10066281
21664264
18712277
9658042
21376567
17928584
7844255
12787866
21036182
12486245
9052798
15483063
7983529
9024660
8922731
18355968
17433877
20055706
10936169
16874806
11098670
18216189
16842860
2341992
15755476
21165979
9292962
15275822
12052904
17059868
6841674
447882
19559598
17135473
20668278
21508237
7320234
21115644
7320232
8126550
2768549
10761918
22087304
16202434
19632729
18464791
9463476
19571192",,Development of GPCR modulation of GABAergic transmission in chicken nucleus laminaris neurons.,,"Tang, Zheng-Quan, ZQ; Lu, Yong, Y","Department of Anatomy and Neurobiology, Northeast Ohio Medical University, College of Medicine, Rootstown, Ohio, United States of America.; None"
