Abstract,Conclusions,Copyrights,DOI,Journal,Methods,Publication_date,PubmedID,Results,Title,Keywords,Authors,Affiliations
"The objective of this study was to describe the rates of residential relocations over the course of 10.5 years and evaluate differences in these relocation rates according to gender and decedent status.
Prospective, longitudinal study with monthly telephone follow-up for up to 126 months.
Greater New Haven, CT.
There were 754 participants, aged 70 years or older, who were initially community-living and nondisabled in their basic activities of daily living.
Residential location was assessed during monthly interviews and included community, assisted living facility, and nursing home. A residential relocation was defined as a change of residential location for at least 1 week and included relocations within (eg, community-community) or between (community- assisted living) locations. We calculated the rates of relocations per 1000 patient-months and evaluated differences by gender and decedent status.
Sixty-six percent of participants had at least one residential relocation (range 0-12). Women had lower rates of relocations from nursing home to community (rate ratio [RR] 0.59, P = .02); otherwise, there were no gender differences. Decedents had higher rates of relocation from community to assisted living (RR 1.71, P = .002), from community to nursing home (RR 3.64, P < .001), between assisted living facilities (RR 3.65, P < .001), and from assisted living to nursing home (RR 2.5, P < .001). In decedents, relocations from community to nursing home (RR 3.58, P < .001) and from assisted living to nursing home (RR 3.3, P < .001) were most often observed in the last year of life.
Most older people relocated at least once during 10.5 years of follow-up. Women had lower rates of relocation from nursing home to community. Decedents were more likely to relocate to a residential location providing a higher level of assistance, compared with nondecedents. Residential relocations were most common in the last year of life.",,Copyright © 2014 AMDA – The Society for Post-Acute and Long-Term Care Medicine. Published by Elsevier Inc. All rights reserved.,10.1016/j.jamda.2014.03.013,Journal of the American Medical Directors Association,,2014-05-06,"24794829
21991894
3609792
22572555
21968285
11529694
2003621
20710006
19170778
18230952
20048358
19934075
7583818
20357280
1202204
18441274
23385273
10125443
15980295
21045098
17578574
15069047","Sixty-six percent of participants had at least one residential relocation (range 0-12). Women had lower rates of relocations from nursing home to community (rate ratio [RR] 0.59, P = .02); otherwise, there were no gender differences. Decedents had higher rates of relocation from community to assisted living (RR 1.71, P = .002), from community to nursing home (RR 3.64, P < .001), between assisted living facilities (RR 3.65, P < .001), and from assisted living to nursing home (RR 2.5, P < .001). In decedents, relocations from community to nursing home (RR 3.58, P < .001) and from assisted living to nursing home (RR 3.3, P < .001) were most often observed in the last year of life.",Residential relocations among older people over the course of more than 10 years.,Residential location; assisted living facility; gender; housing; longitudinal study; nursing home; relocations,"Buurman, Bianca M, BM; Trentalange, Mark, M; Nicholson, Nicholas R, NR; McGloin, Joanne M, JM; Gahbauer, Evelyne A, EA; Allore, Heather G, HG; Gill, Thomas M, TM","Department of Internal Medicine, Yale University School of Medicine, New Haven, CT; Department of Internal Medicine, Section of Geriatric Medicine, University of Amsterdam, Amsterdam, The Netherlands. Electronic address: Bianca.vanes@yale.edu.; Department of Internal Medicine, Yale University School of Medicine, New Haven, CT.; School of Nursing, Quinnipiac University, Hamden, CT.; Department of Internal Medicine, Yale University School of Medicine, New Haven, CT.; Department of Internal Medicine, Yale University School of Medicine, New Haven, CT.; Department of Internal Medicine, Yale University School of Medicine, New Haven, CT.; Department of Internal Medicine, Yale University School of Medicine, New Haven, CT."
"Congenital diaphragmatic hernia (CDH) is a common and severe birth defect. Despite its clinical significance, the genetic and developmental pathways underlying this disorder are incompletely understood. In this study, we report a catalog of variants detected by a whole exome sequencing study on 275 individuals with CDH. Predicted pathogenic variants in genes previously identified in either humans or mice with diaphragm defects are enriched in our CDH cohort compared with 120 size-matched random gene sets. This enrichment was absent in control populations. Variants in these critical genes can be found in up to 30.9% of individuals with CDH. In addition, we filtered variants by using genes derived from regions of recurrent copy number variations in CDH, expression profiles of the developing diaphragm, protein interaction networks expanded from the known CDH-causing genes, and prioritized genes with ultrarare and highly disruptive variants, in 11.3% of CDH patients. These strategies have identified several high priority genes and developmental pathways that likely contribute to the CDH phenotype. These data are valuable for comparison of candidate genes generated from whole exome sequencing of other CDH cohorts or multiplex kindreds and provide ideal candidates for further functional studies. Furthermore, we propose that these genes and pathways will enhance our understanding of the heterogeneous molecular etiology of CDH. ",,,10.1073/pnas.1412509111,Proceedings of the National Academy of Sciences of the United States of America,,2014-08-12,"25107291
24702427
17436298
24331925
9020840
19089858
22723016
16103912
8548800
20354512
17701901
22867985
20981092
11172440
23643382
22315423
23586979
19666503
20644199
23665522
23650387
21552264
21478889
18510546
20799323
21633164
17344885
15750894
15572686
17098221
24385578
23138528
16946494
9826778
23165946
19448158
19505943
16428452
21525063
12397630
16498629
19561590
17462565",,"Molecular pathogenesis of congenital diaphragmatic hernia revealed by exome sequencing, developmental data, and bioinformatics.",CDH genetics; diaphragm development; network analysis,"Longoni, Mauro, M; High, Frances A, FA; Russell, Meaghan K, MK; Kashani, Alireza, A; Tracy, Adam A, AA; Coletti, Caroline M, CM; Hila, Regis, R; Shamia, Ahmed, A; Wells, Julie, J; Ackerman, Kate G, KG; Wilson, Jay M, JM; Bult, Carol J, CJ; Lee, Charles, C; Lage, Kasper, K; Pober, Barbara R, BR; Donahoe, Patricia K, PK","The Pediatric Surgical Research Laboratories, Massachusetts General Hospital, Boston, MA 02114; Department of Surgery, Harvard Medical School, Boston, MA 02115;; The Pediatric Surgical Research Laboratories, Massachusetts General Hospital, Boston, MA 02114; Division of Genetics and.; The Pediatric Surgical Research Laboratories, Massachusetts General Hospital, Boston, MA 02114; Department of Surgery, Harvard Medical School, Boston, MA 02115;; The Pediatric Surgical Research Laboratories, Massachusetts General Hospital, Boston, MA 02114; Broad Institute, Cambridge, MA 02141;; The Pediatric Surgical Research Laboratories, Massachusetts General Hospital, Boston, MA 02114;; The Pediatric Surgical Research Laboratories, Massachusetts General Hospital, Boston, MA 02114;; The Pediatric Surgical Research Laboratories, Massachusetts General Hospital, Boston, MA 02114;; The Pediatric Surgical Research Laboratories, Massachusetts General Hospital, Boston, MA 02114;; The Jackson Laboratory, Bar Harbor, ME 04609;; Departments of Pediatrics and Biomedical Genetics, School of Medicine and Dentistry, University of Rochester, Rochester, NY 14642;; Department of Surgery, Boston Children's Hospital, Boston, MA 02115;; The Jackson Laboratory, Bar Harbor, ME 04609;; The Jackson Laboratory for Genomic Medicine, Farmington, CT 06032; and.; The Pediatric Surgical Research Laboratories, Massachusetts General Hospital, Boston, MA 02114; Department of Surgery, Harvard Medical School, Boston, MA 02115; Broad Institute, Cambridge, MA 02141;; The Pediatric Surgical Research Laboratories, Massachusetts General Hospital, Boston, MA 02114; Department of Surgery, Boston Children's Hospital, Boston, MA 02115; Frank H. Netter School of Medicine, Quinnipiac University, North Haven, CT 06473.; The Pediatric Surgical Research Laboratories, Massachusetts General Hospital, Boston, MA 02114; Department of Surgery, Harvard Medical School, Boston, MA 02115; Broad Institute, Cambridge, MA 02141; pdonahoe@partners.org."
"The opportunistic pathogen Pseudomonas aeruginosa expresses a type 3 secretion system (T3SS) strongly associated with bacterial virulence in murine models and human patients. T3SS effectors target host innate immune mechanisms, and T3SS-defective mutants are cleared more efficiently than T3SS-positive bacteria by an immunocompetent host. Nonetheless, T3SS-negative isolates are recovered from many patients with documented P. aeruginosa infections, leading us to test whether T3SS-negative strains could have a selective advantage during in vivo infection. Mice were infected with mixtures of T3SS-positive WT P. aeruginosa plus isogenic T3SS-OFF or constitutively T3SS-ON mutants. Relative fitness of bacteria in this acute pneumonia model was reflected by the competitive index of mutants relative to WT. T3SS-OFF strains outcompeted WT PA103 in vivo, whereas a T3SS-ON mutant showed decreased fitness compared with WT. In vitro growth rates of WT and T3SS-OFF bacteria were determined under T3SS-inducing conditions and did not differ significantly. Increased fitness of T3SS-OFF bacteria was no longer observed at high ratios of T3SS-OFF to WT, a feature characteristic of bacterial cheaters. Cheating by T3SS-OFF bacteria occurred only when T3SS-positive bacteria expressed the phospholipase A2 effector Exotoxin U (ExoU). T3SS-OFF bacteria showed no fitness advantage in competition experiments carried out in immunodeficient MyD88-knockout mice or in neutrophil-depleted animals. Our findings indicate that T3SS-negative isolates benefit from the public good provided by ExoU-mediated killing of recruited innate immune cells. Whether this transient increase in fitness observed for T3SS-negative strains in mice contributes to the observed persistence of T3SS-negative isolates in humans is of ongoing interest. ",,,10.1073/pnas.1400782111,Proceedings of the National Academy of Sciences of the United States of America,,2014-05-14,"24821799
23750216
22872870
9372672
11095918
15525535
9661666
22162514
21980056
18004383
16373506
18480848
2988728
18047567
16420353
16763151
14639541
19525345
11577145
23152923
21796216
21833328
4959184
12421316
20008065
18070936
11990909
18373522
20133635
15528719
16861632
15321987
14641575
6086529
9515706
23481600
20823203
12586068
22329595
23426324
9697844
17635873
18663007
21572023
9302017
19059160
11867744
18348154
15522089
21682889",,Cheating by type 3 secretion system-negative Pseudomonas aeruginosa during pulmonary infection.,,"Czechowska, Kamila, K; McKeithen-Mead, Saria, S; Al Moussawi, Khatoun, K; Kazmierczak, Barbara I, BI","Departments of Medicine and barbara.kazmierczak@yale.edu.; Departments of Medicine andGraduate Program in Molecular and Cell Biology, Quinnipiac University, Hamden, CT 06518.; Departments of Medicine and.; Departments of Medicine andMicrobial Pathogenesis, Yale University School of Medicine, New Haven, CT 06520; and barbara.kazmierczak@yale.edu."
"Descriptive studies of cancer family caregivers demonstrate role-related psychosocial and physical burden; however, little is known about which factors contribute to or obviate burden. Systematic reviews of caregiver intervention studies demonstrate mixed results, perhaps because some caregiver needs are still unknown and not adequately addressed. The purpose of our study was to explore the lived experience of being a caregiver for an adult with lung or colon cancer, so as to guide the development of future intervention studies.
Using phenomenologic methods, open-ended interviews were conducted at a chemotherapy clinic, New Haven, CT with 135 caregivers to adults with lung or colon cancer. Interviews were audio-recorded and transcribed. Thematic analysis was conducted with transcripts coded, reviewed, and recoded multiple times. The final 69 codes were reduced to 13 code clusters (thematic categories) distributed among 4 themes.
Four inter-related themes emerged: 1) becoming a caregiver; 2) new and altered relationships; 3) personal responses to caregiving and 4) antecedents and social context. Caregivers describe hearing the cancer diagnosis as ""life-changing"". The cancer creates the context for the caregiver's relationships (with the patient, self, others, and the healthcare system), and cognitive, behavioral, affective, and spiritual responses. The caregiver's antecedent experiences and social support network form the foundation for their perceptions of the diagnosis, relationships, and personal responses.
This study implicates several intervention components to be developed and tested as favorably supporting caregivers, namely, reinforcing positive aspects of caregiving, cultivating open communication, and acknowledging the prior experiences and social foundation of the caregiver's life that can be supportive or burdensome.","This study implicates several intervention components to be developed and tested as favorably supporting caregivers, namely, reinforcing positive aspects of caregiving, cultivating open communication, and acknowledging the prior experiences and social foundation of the caregiver's life that can be supportive or burdensome.",,10.1089/jpm.2012.0046,Journal of palliative medicine,"Using phenomenologic methods, open-ended interviews were conducted at a chemotherapy clinic, New Haven, CT with 135 caregivers to adults with lung or colon cancer. Interviews were audio-recorded and transcribed. Thematic analysis was conducted with transcripts coded, reviewed, and recoded multiple times. The final 69 codes were reduced to 13 code clusters (thematic categories) distributed among 4 themes.",2012-05-23,"22612407
18195339
17380524
11577488
20709946
17420443
18176135
15184333
15849218
20538635
22048558
8799345
15277994
15547633
18515250
12597468
20585221
10940958
22314672
12191035
10680082
18403715
12132542
19120572
21838952
14769454
14527866","Four inter-related themes emerged: 1) becoming a caregiver; 2) new and altered relationships; 3) personal responses to caregiving and 4) antecedents and social context. Caregivers describe hearing the cancer diagnosis as ""life-changing"". The cancer creates the context for the caregiver's relationships (with the patient, self, others, and the healthcare system), and cognitive, behavioral, affective, and spiritual responses. The caregiver's antecedent experiences and social support network form the foundation for their perceptions of the diagnosis, relationships, and personal responses.",Cancer family caregivers: a new direction for interventions.,,"Williams, Anna-leila, AL; Bakitas, Marie, M","Frank H. Netter, MD School of Medicine at Quinnipiac University, Hamden, CT 06518, USA. annaleila@sbcglobal.net; None"
"Introduction. AIDS is a major public health concern. A review of the literature suggests that many nursing faculty members may have little experience caring for patients with AIDS and that relatively little research has been conducted to examine the reactions of nursing faculty to the care of these patients. Purpose. This study, based on Peplau's interpersonal theory, was designed to examine the comfort levels of clinical nursing faculty regarding student assignment to a patient with AIDS. Methods. The survey method was utilized. A non-random sample of nursing faculty was asked to complete the Nursing Care Comfort Scale and a biographic questionnaire. Nursing faculty invited to participate in the study were those who provided on-site clinical supervision to non-RN baccalaureate nursing students. The nature of clinical supervision lay within the scope of the Nursing Care Comfort Scale. The sample was drawn from three baccalaureate programs in the northeastern region of the United States. Descriptive statistics were calculated. Data/results. Data analysis showed that the vast majority of faculty members surveyed had cared for a patient with AIDS and that they were comfortable anticipating the supervision of a nursing student assigned to provide care to a patient with this diagnosis.",,,10.1016/S1471-5953(02)00086-0,Nurse education in practice,,2008-11-29,19038113,,Comfort levels of nursing faculty regarding student assignment to a patient with AIDS.,,"Durkin, Anne, A","Assistant Professor of Nursing, Quinnipiac University, 275 Mount Carmel Avenue, Hamden, CT, USA."
"The profession of nursing has been greatly influenced by war, and the heroic nature of the work of nursing is often emphasized during war. The purpose of this research was to examine the stories of nurses' experiences during combat in Vietnam and identify themes that would corroborate, refute, or expand prior historical research.
A content analysis to determine recurrent themes was performed on 18 oral histories of military nurses who served in Vietnam that were previously collected and published. Analysis of these collections of oral histories was conducted, and thick quotes contextualize and substantiate the thematic claims.
This research confirms the analysis of prior historical research on nursing in Vietnam by finding similar experiences recorded in oral histories and further claims that an authentic professional identity is often forged during the hardships and heroic opportunities of war.",,,10.1067/mno.2003.1,Nursing outlook,,2003-02-22,12595826,,The proving grounds: combat nursing in Vietnam.,,"Levasseur, Jeanne J, JJ","Department of Nursing, Quinnipiac University, Hamden, Connecticut 06518, USA."
"This study focused on Latinas (female Hispanics) with Type 2 diabetes because this disease has a high prevalence and incidence among this population and cultural norms may affect women's experiences with diabetes. The study used a descriptive phenomenology design with a purposive sample of 13 Latina volunteers recruited from a local community health center in southern New England. Data were collected via interviews in English or Spanish. Six themes emerged from the analysis: stress as a cause and effect; too little, too late; profound sadness, diabetic anger, and loss of control; obsession with diet; life under a magnifying glass; and religion as a lifeline. Further research should pursue development of a culturally relevant approach to the health care management of Latinos.",,,10.1177/1043659603014003012,Journal of transcultural nursing : official journal of the Transcultural Nursing Society,,2003-07-17,12861928,,Lessons learned from urban Latinas with type 2 diabetes mellitus.,,"Adams, Carmen Rivera, CR","Department of Nursing, Quinnipiac University School of Nursing, USA."
